date,ticker,close,name,sector,beta,mktcap,pe,div
2025-05-27,AAPL,199.41885375976562,Apple Inc.,Technology,1.065,4528552280064,37.328083,0.35
2025-05-28,AAPL,199.62803649902344,Apple Inc.,Technology,1.065,4528552280064,37.328083,0.35
2025-05-29,AAPL,199.15988159179688,Apple Inc.,Technology,1.065,4528552280064,37.328083,0.35
2025-05-30,AAPL,200.05633544921875,Apple Inc.,Technology,1.065,4528552280064,37.328083,0.35
2025-06-02,AAPL,200.90298461914062,Apple Inc.,Technology,1.065,4528552280064,37.328083,0.35
2025-06-03,AAPL,202.46676635742188,Apple Inc.,Technology,1.065,4528552280064,37.328083,0.35
2025-06-04,AAPL,202.01856994628906,Apple Inc.,Technology,1.065,4528552280064,37.328083,0.35
2025-06-05,AAPL,199.8372039794922,Apple Inc.,Technology,1.065,4528552280064,37.328083,0.35
2025-06-06,AAPL,203.11419677734375,Apple Inc.,Technology,1.065,4528552280064,37.328083,0.35
2025-06-09,AAPL,200.65394592285156,Apple Inc.,Technology,1.065,4528552280064,37.328083,0.35
2025-06-10,AAPL,201.869140625,Apple Inc.,Technology,1.065,4528552280064,37.328083,0.35
2025-06-11,AAPL,197.99452209472656,Apple Inc.,Technology,1.065,4528552280064,37.328083,0.35
2025-06-12,AAPL,198.412841796875,Apple Inc.,Technology,1.065,4528552280064,37.328083,0.35
2025-06-13,AAPL,195.67372131347656,Apple Inc.,Technology,1.065,4528552280064,37.328083,0.35
2025-06-16,AAPL,197.63592529296875,Apple Inc.,Technology,1.065,4528552280064,37.328083,0.35
2025-06-17,AAPL,194.86692810058594,Apple Inc.,Technology,1.065,4528552280064,37.328083,0.35
2025-06-18,AAPL,195.80320739746094,Apple Inc.,Technology,1.065,4528552280064,37.328083,0.35
2025-06-20,AAPL,200.20574951171875,Apple Inc.,Technology,1.065,4528552280064,37.328083,0.35
2025-06-23,AAPL,200.70376586914062,Apple Inc.,Technology,1.065,4528552280064,37.328083,0.35
2025-06-24,AAPL,199.50851440429688,Apple Inc.,Technology,1.065,4528552280064,37.328083,0.35
2025-06-25,AAPL,200.76351928710938,Apple Inc.,Technology,1.065,4528552280064,37.328083,0.35
2025-06-26,AAPL,200.20574951171875,Apple Inc.,Technology,1.065,4528552280064,37.328083,0.35
2025-06-27,AAPL,200.28543090820312,Apple Inc.,Technology,1.065,4528552280064,37.328083,0.35
2025-06-30,AAPL,204.3592529296875,Apple Inc.,Technology,1.065,4528552280064,37.328083,0.35
2025-07-01,AAPL,206.99879455566406,Apple Inc.,Technology,1.065,4528552280064,37.328083,0.35
2025-07-02,AAPL,211.6005401611328,Apple Inc.,Technology,1.065,4528552280064,37.328083,0.35
2025-07-03,AAPL,212.70616149902344,Apple Inc.,Technology,1.065,4528552280064,37.328083,0.35
2025-07-07,AAPL,209.12039184570312,Apple Inc.,Technology,1.065,4528552280064,37.328083,0.35
2025-07-08,AAPL,209.1801300048828,Apple Inc.,Technology,1.065,4528552280064,37.328083,0.35
2025-07-09,AAPL,210.3056640625,Apple Inc.,Technology,1.065,4528552280064,37.328083,0.35
2025-07-10,AAPL,211.57066345214844,Apple Inc.,Technology,1.065,4528552280064,37.328083,0.35
2025-07-11,AAPL,210.3256072998047,Apple Inc.,Technology,1.065,4528552280064,37.328083,0.35
2025-07-14,AAPL,207.79562377929688,Apple Inc.,Technology,1.065,4528552280064,37.328083,0.35
2025-07-15,AAPL,208.28370666503906,Apple Inc.,Technology,1.065,4528552280064,37.328083,0.35
2025-07-16,AAPL,209.3295440673828,Apple Inc.,Technology,1.065,4528552280064,37.328083,0.35
2025-07-17,AAPL,209.19009399414062,Apple Inc.,Technology,1.065,4528552280064,37.328083,0.35
2025-07-18,AAPL,210.3455047607422,Apple Inc.,Technology,1.065,4528552280064,37.328083,0.35
2025-07-21,AAPL,211.64036560058594,Apple Inc.,Technology,1.065,4528552280064,37.328083,0.35
2025-07-22,AAPL,213.5527801513672,Apple Inc.,Technology,1.065,4528552280064,37.328083,0.35
2025-07-23,AAPL,213.3037872314453,Apple Inc.,Technology,1.065,4528552280064,37.328083,0.35
2025-07-24,AAPL,212.91531372070312,Apple Inc.,Technology,1.065,4528552280064,37.328083,0.35
2025-07-25,AAPL,213.03485107421875,Apple Inc.,Technology,1.065,4528552280064,37.328083,0.35
2025-07-28,AAPL,213.2041778564453,Apple Inc.,Technology,1.065,4528552280064,37.328083,0.35
2025-07-29,AAPL,210.43516540527344,Apple Inc.,Technology,1.065,4528552280064,37.328083,0.35
2025-07-30,AAPL,208.2239227294922,Apple Inc.,Technology,1.065,4528552280064,37.328083,0.35
2025-07-31,AAPL,206.74978637695312,Apple Inc.,Technology,1.065,4528552280064,37.328083,0.35
2025-08-01,AAPL,201.58030700683594,Apple Inc.,Technology,1.065,4528552280064,37.328083,0.35
2025-08-04,AAPL,202.54644775390625,Apple Inc.,Technology,1.065,4528552280064,37.328083,0.35
2025-08-05,AAPL,202.11814880371094,Apple Inc.,Technology,1.065,4528552280064,37.328083,0.35
2025-08-06,AAPL,212.4073486328125,Apple Inc.,Technology,1.065,4528552280064,37.328083,0.35
2025-08-07,AAPL,219.16053771972656,Apple Inc.,Technology,1.065,4528552280064,37.328083,0.35
2025-08-08,AAPL,228.44374084472656,Apple Inc.,Technology,1.065,4528552280064,37.328083,0.35
2025-08-11,AAPL,226.53909301757812,Apple Inc.,Technology,1.065,4528552280064,37.328083,0.35
2025-08-12,AAPL,229.0021209716797,Apple Inc.,Technology,1.065,4528552280064,37.328083,0.35
2025-08-13,AAPL,232.6717529296875,Apple Inc.,Technology,1.065,4528552280064,37.328083,0.35
2025-08-14,AAPL,232.12330627441406,Apple Inc.,Technology,1.065,4528552280064,37.328083,0.35
2025-08-15,AAPL,230.93667602539062,Apple Inc.,Technology,1.065,4528552280064,37.328083,0.35
2025-08-18,AAPL,230.23863220214844,Apple Inc.,Technology,1.065,4528552280064,37.328083,0.35
2025-08-19,AAPL,229.90957641601562,Apple Inc.,Technology,1.065,4528552280064,37.328083,0.35
2025-08-20,AAPL,225.3723907470703,Apple Inc.,Technology,1.065,4528552280064,37.328083,0.35
2025-08-21,AAPL,224.26551818847656,Apple Inc.,Technology,1.065,4528552280064,37.328083,0.35
2025-08-22,AAPL,227.11746215820312,Apple Inc.,Technology,1.065,4528552280064,37.328083,0.35
2025-08-25,AAPL,226.5191650390625,Apple Inc.,Technology,1.065,4528552280064,37.328083,0.35
2025-08-26,AAPL,228.6630859375,Apple Inc.,Technology,1.065,4528552280064,37.328083,0.35
2025-08-27,AAPL,229.8397674560547,Apple Inc.,Technology,1.065,4528552280064,37.328083,0.35
2025-08-28,AAPL,231.90391540527344,Apple Inc.,Technology,1.065,4528552280064,37.328083,0.35
2025-08-29,AAPL,231.485107421875,Apple Inc.,Technology,1.065,4528552280064,37.328083,0.35
2025-09-02,AAPL,229.07192993164062,Apple Inc.,Technology,1.065,4528552280064,37.328083,0.35
2025-09-03,AAPL,237.7972412109375,Apple Inc.,Technology,1.065,4528552280064,37.328083,0.35
2025-09-04,AAPL,239.10354614257812,Apple Inc.,Technology,1.065,4528552280064,37.328083,0.35
2025-09-05,AAPL,239.01380920410156,Apple Inc.,Technology,1.065,4528552280064,37.328083,0.35
2025-09-08,AAPL,237.20892333984375,Apple Inc.,Technology,1.065,4528552280064,37.328083,0.35
2025-09-09,AAPL,233.6888885498047,Apple Inc.,Technology,1.065,4528552280064,37.328083,0.35
2025-09-10,AAPL,226.1501922607422,Apple Inc.,Technology,1.065,4528552280064,37.328083,0.35
2025-09-11,AAPL,229.3810577392578,Apple Inc.,Technology,1.065,4528552280064,37.328083,0.35
2025-09-12,AAPL,233.40966796875,Apple Inc.,Technology,1.065,4528552280064,37.328083,0.35
2025-09-15,AAPL,236.03224182128906,Apple Inc.,Technology,1.065,4528552280064,37.328083,0.35
2025-09-16,AAPL,237.4781494140625,Apple Inc.,Technology,1.065,4528552280064,37.328083,0.35
2025-09-17,AAPL,238.3157958984375,Apple Inc.,Technology,1.065,4528552280064,37.328083,0.35
2025-09-18,AAPL,237.20892333984375,Apple Inc.,Technology,1.065,4528552280064,37.328083,0.35
2025-09-19,AAPL,244.80740356445312,Apple Inc.,Technology,1.065,4528552280064,37.328083,0.35
2025-09-22,AAPL,255.35755920410156,Apple Inc.,Technology,1.065,4528552280064,37.328083,0.35
2025-09-23,AAPL,253.7122344970703,Apple Inc.,Technology,1.065,4528552280064,37.328083,0.35
2025-09-24,AAPL,251.59820556640625,Apple Inc.,Technology,1.065,4528552280064,37.328083,0.35
2025-09-25,AAPL,256.1453552246094,Apple Inc.,Technology,1.065,4528552280064,37.328083,0.35
2025-09-26,AAPL,254.73931884765625,Apple Inc.,Technology,1.065,4528552280064,37.328083,0.35
2025-09-29,AAPL,253.7122344970703,Apple Inc.,Technology,1.065,4528552280064,37.328083,0.35
2025-09-30,AAPL,253.9116668701172,Apple Inc.,Technology,1.065,4528552280064,37.328083,0.35
2025-10-01,AAPL,254.72933959960938,Apple Inc.,Technology,1.065,4528552280064,37.328083,0.35
2025-10-02,AAPL,256.40460205078125,Apple Inc.,Technology,1.065,4528552280064,37.328083,0.35
2025-10-03,AAPL,257.2920837402344,Apple Inc.,Technology,1.065,4528552280064,37.328083,0.35
2025-10-06,AAPL,255.96585083007812,Apple Inc.,Technology,1.065,4528552280064,37.328083,0.35
2025-10-07,AAPL,255.7564697265625,Apple Inc.,Technology,1.065,4528552280064,37.328083,0.35
2025-10-08,AAPL,257.33197021484375,Apple Inc.,Technology,1.065,4528552280064,37.328083,0.35
2025-10-09,AAPL,253.32330322265625,Apple Inc.,Technology,1.065,4528552280064,37.328083,0.35
2025-10-10,AAPL,244.57806396484375,Apple Inc.,Technology,1.065,4528552280064,37.328083,0.35
2025-10-13,AAPL,246.96131896972656,Apple Inc.,Technology,1.065,4528552280064,37.328083,0.35
2025-10-14,AAPL,247.07101440429688,Apple Inc.,Technology,1.065,4528552280064,37.328083,0.35
2025-10-15,AAPL,248.63658142089844,Apple Inc.,Technology,1.065,4528552280064,37.328083,0.35
2025-10-16,AAPL,246.75192260742188,Apple Inc.,Technology,1.065,4528552280064,37.328083,0.35
2025-10-17,AAPL,251.57826232910156,Apple Inc.,Technology,1.065,4528552280064,37.328083,0.35
2025-10-20,AAPL,261.5001525878906,Apple Inc.,Technology,1.065,4528552280064,37.328083,0.35
2025-10-21,AAPL,262.0286865234375,Apple Inc.,Technology,1.065,4528552280064,37.328083,0.35
2025-10-22,AAPL,257.72088623046875,Apple Inc.,Technology,1.065,4528552280064,37.328083,0.35
2025-10-23,AAPL,258.84771728515625,Apple Inc.,Technology,1.065,4528552280064,37.328083,0.35
2025-10-24,AAPL,262.07855224609375,Apple Inc.,Technology,1.065,4528552280064,37.328083,0.35
2025-10-27,AAPL,268.0516357421875,Apple Inc.,Technology,1.065,4528552280064,37.328083,0.35
2025-10-28,AAPL,268.2410888671875,Apple Inc.,Technology,1.065,4528552280064,37.328083,0.35
2025-10-29,AAPL,268.93914794921875,Apple Inc.,Technology,1.065,4528552280064,37.328083,0.35
2025-10-30,AAPL,270.63433837890625,Apple Inc.,Technology,1.065,4528552280064,37.328083,0.35
2025-10-31,AAPL,269.60723876953125,Apple Inc.,Technology,1.065,4528552280064,37.328083,0.35
2025-11-03,AAPL,268.2909851074219,Apple Inc.,Technology,1.065,4528552280064,37.328083,0.35
2025-11-04,AAPL,269.2781982421875,Apple Inc.,Technology,1.065,4528552280064,37.328083,0.35
2025-11-05,AAPL,269.3778991699219,Apple Inc.,Technology,1.065,4528552280064,37.328083,0.35
2025-11-06,AAPL,269.0089416503906,Apple Inc.,Technology,1.065,4528552280064,37.328083,0.35
2025-11-07,AAPL,267.7126159667969,Apple Inc.,Technology,1.065,4528552280064,37.328083,0.35
2025-11-10,AAPL,268.9303283691406,Apple Inc.,Technology,1.065,4528552280064,37.328083,0.35
2025-11-11,AAPL,274.73956298828125,Apple Inc.,Technology,1.065,4528552280064,37.328083,0.35
2025-11-12,AAPL,272.962890625,Apple Inc.,Technology,1.065,4528552280064,37.328083,0.35
2025-11-13,AAPL,272.4438171386719,Apple Inc.,Technology,1.065,4528552280064,37.328083,0.35
2025-11-14,AAPL,271.90484619140625,Apple Inc.,Technology,1.065,4528552280064,37.328083,0.35
2025-11-17,AAPL,266.9639892578125,Apple Inc.,Technology,1.065,4528552280064,37.328083,0.35
2025-11-18,AAPL,266.94403076171875,Apple Inc.,Technology,1.065,4528552280064,37.328083,0.35
2025-11-19,AAPL,268.0619812011719,Apple Inc.,Technology,1.065,4528552280064,37.328083,0.35
2025-11-20,AAPL,265.7562561035156,Apple Inc.,Technology,1.065,4528552280064,37.328083,0.35
2025-11-21,AAPL,270.98651123046875,Apple Inc.,Technology,1.065,4528552280064,37.328083,0.35
2025-11-24,AAPL,275.4083557128906,Apple Inc.,Technology,1.065,4528552280064,37.328083,0.35
2025-11-25,AAPL,276.45635986328125,Apple Inc.,Technology,1.065,4528552280064,37.328083,0.35
2025-11-26,AAPL,277.0353088378906,Apple Inc.,Technology,1.065,4528552280064,37.328083,0.35
2025-11-28,AAPL,278.3328857421875,Apple Inc.,Technology,1.065,4528552280064,37.328083,0.35
2025-12-01,AAPL,282.57501220703125,Apple Inc.,Technology,1.065,4528552280064,37.328083,0.35
2025-12-02,AAPL,285.6592712402344,Apple Inc.,Technology,1.065,4528552280064,37.328083,0.35
2025-12-03,AAPL,283.623046875,Apple Inc.,Technology,1.065,4528552280064,37.328083,0.35
2025-12-04,AAPL,280.179443359375,Apple Inc.,Technology,1.065,4528552280064,37.328083,0.35
2025-12-05,AAPL,278.26300048828125,Apple Inc.,Technology,1.065,4528552280064,37.328083,0.35
2025-12-08,AAPL,277.3746643066406,Apple Inc.,Technology,1.065,4528552280064,37.328083,0.35
2025-12-09,AAPL,276.6659851074219,Apple Inc.,Technology,1.065,4528552280064,37.328083,0.35
2025-12-10,AAPL,278.26300048828125,Apple Inc.,Technology,1.065,4528552280064,37.328083,0.35
2025-12-11,AAPL,277.514404296875,Apple Inc.,Technology,1.065,4528552280064,37.328083,0.35
2025-12-12,AAPL,277.763916015625,Apple Inc.,Technology,1.065,4528552280064,37.328083,0.35
2025-12-15,AAPL,273.6016540527344,Apple Inc.,Technology,1.065,4528552280064,37.328083,0.35
2025-12-16,AAPL,274.1007385253906,Apple Inc.,Technology,1.065,4528552280064,37.328083,0.35
2025-12-17,AAPL,271.33587646484375,Apple Inc.,Technology,1.065,4528552280064,37.328083,0.35
2025-12-18,AAPL,271.68524169921875,Apple Inc.,Technology,1.065,4528552280064,37.328083,0.35
2025-12-19,AAPL,273.1625061035156,Apple Inc.,Technology,1.065,4528552280064,37.328083,0.35
2025-12-22,AAPL,270.4674987792969,Apple Inc.,Technology,1.065,4528552280064,37.328083,0.35
2025-12-23,AAPL,271.85491943359375,Apple Inc.,Technology,1.065,4528552280064,37.328083,0.35
2025-12-24,AAPL,273.3022155761719,Apple Inc.,Technology,1.065,4528552280064,37.328083,0.35
2025-12-26,AAPL,272.89300537109375,Apple Inc.,Technology,1.065,4528552280064,37.328083,0.35
2025-12-29,AAPL,273.2523498535156,Apple Inc.,Technology,1.065,4528552280064,37.328083,0.35
2025-12-30,AAPL,272.57354736328125,Apple Inc.,Technology,1.065,4528552280064,37.328083,0.35
2025-12-31,AAPL,271.3558349609375,Apple Inc.,Technology,1.065,4528552280064,37.328083,0.35
2026-01-02,AAPL,270.5074462890625,Apple Inc.,Technology,1.065,4528552280064,37.328083,0.35
2026-01-05,AAPL,266.764404296875,Apple Inc.,Technology,1.065,4528552280064,37.328083,0.35
2026-01-06,AAPL,261.87347412109375,Apple Inc.,Technology,1.065,4528552280064,37.328083,0.35
2026-01-07,AAPL,259.84722900390625,Apple Inc.,Technology,1.065,4528552280064,37.328083,0.35
2026-01-08,AAPL,258.55963134765625,Apple Inc.,Technology,1.065,4528552280064,37.328083,0.35
2026-01-09,AAPL,258.8890075683594,Apple Inc.,Technology,1.065,4528552280064,37.328083,0.35
2026-01-12,AAPL,259.7673645019531,Apple Inc.,Technology,1.065,4528552280064,37.328083,0.35
2026-01-13,AAPL,260.5658874511719,Apple Inc.,Technology,1.065,4528552280064,37.328083,0.35
2026-01-14,AAPL,259.4779052734375,Apple Inc.,Technology,1.065,4528552280064,37.328083,0.35
2026-01-15,AAPL,257.7311706542969,Apple Inc.,Technology,1.065,4528552280064,37.328083,0.35
2026-01-16,AAPL,255.05612182617188,Apple Inc.,Technology,1.065,4528552280064,37.328083,0.35
2026-01-20,AAPL,246.2425079345703,Apple Inc.,Technology,1.065,4528552280064,37.328083,0.35
2026-01-21,AAPL,247.1907501220703,Apple Inc.,Technology,1.065,4528552280064,37.328083,0.35
2026-01-22,AAPL,247.8894500732422,Apple Inc.,Technology,1.065,4528552280064,37.328083,0.35
2026-01-23,AAPL,247.58001708984375,Apple Inc.,Technology,1.065,4528552280064,37.328083,0.35
2026-01-26,AAPL,254.93637084960938,Apple Inc.,Technology,1.065,4528552280064,37.328083,0.35
2026-01-27,AAPL,257.7910461425781,Apple Inc.,Technology,1.065,4528552280064,37.328083,0.35
2026-01-28,AAPL,255.96444702148438,Apple Inc.,Technology,1.065,4528552280064,37.328083,0.35
2026-01-29,AAPL,257.801025390625,Apple Inc.,Technology,1.065,4528552280064,37.328083,0.35
2026-01-30,AAPL,258.99884033203125,Apple Inc.,Technology,1.065,4528552280064,37.328083,0.35
2026-02-02,AAPL,269.50927734375,Apple Inc.,Technology,1.065,4528552280064,37.328083,0.35
2026-02-03,AAPL,268.98028564453125,Apple Inc.,Technology,1.065,4528552280064,37.328083,0.35
2026-02-04,AAPL,275.97723388671875,Apple Inc.,Technology,1.065,4528552280064,37.328083,0.35
2026-02-05,AAPL,275.3983459472656,Apple Inc.,Technology,1.065,4528552280064,37.328083,0.35
2026-02-06,AAPL,277.6042175292969,Apple Inc.,Technology,1.065,4528552280064,37.328083,0.35
2026-02-09,AAPL,274.3672180175781,Apple Inc.,Technology,1.065,4528552280064,37.328083,0.35
2026-02-10,AAPL,273.4280700683594,Apple Inc.,Technology,1.065,4528552280064,37.328083,0.35
2026-02-11,AAPL,275.24639892578125,Apple Inc.,Technology,1.065,4528552280064,37.328083,0.35
2026-02-12,AAPL,261.4891052246094,Apple Inc.,Technology,1.065,4528552280064,37.328083,0.35
2026-02-13,AAPL,255.5445556640625,Apple Inc.,Technology,1.065,4528552280064,37.328083,0.35
2026-02-17,AAPL,263.6371154785156,Apple Inc.,Technology,1.065,4528552280064,37.328083,0.35
2026-02-18,AAPL,264.106689453125,Apple Inc.,Technology,1.065,4528552280064,37.328083,0.35
2026-02-19,AAPL,260.3401184082031,Apple Inc.,Technology,1.065,4528552280064,37.328083,0.35
2026-02-20,AAPL,264.3364562988281,Apple Inc.,Technology,1.065,4528552280064,37.328083,0.35
2026-02-23,AAPL,265.9349670410156,Apple Inc.,Technology,1.065,4528552280064,37.328083,0.35
2026-02-24,AAPL,271.8895263671875,Apple Inc.,Technology,1.065,4528552280064,37.328083,0.35
2026-02-25,AAPL,273.97760009765625,Apple Inc.,Technology,1.065,4528552280064,37.328083,0.35
2026-02-26,AAPL,272.6987609863281,Apple Inc.,Technology,1.065,4528552280064,37.328083,0.35
2026-02-27,AAPL,263.93682861328125,Apple Inc.,Technology,1.065,4528552280064,37.328083,0.35
2026-03-02,AAPL,264.476318359375,Apple Inc.,Technology,1.065,4528552280064,37.328083,0.35
2026-03-03,AAPL,263.5072326660156,Apple Inc.,Technology,1.065,4528552280064,37.328083,0.35
2026-03-04,AAPL,262.2783508300781,Apple Inc.,Technology,1.065,4528552280064,37.328083,0.35
2026-03-05,AAPL,260.0504150390625,Apple Inc.,Technology,1.065,4528552280064,37.328083,0.35
2026-03-06,AAPL,257.2229919433594,Apple Inc.,Technology,1.065,4528552280064,37.328083,0.35
2026-03-09,AAPL,259.6407775878906,Apple Inc.,Technology,1.065,4528552280064,37.328083,0.35
2026-03-10,AAPL,260.58990478515625,Apple Inc.,Technology,1.065,4528552280064,37.328083,0.35
2026-03-11,AAPL,260.5699157714844,Apple Inc.,Technology,1.065,4528552280064,37.328083,0.35
2026-03-12,AAPL,255.52456665039062,Apple Inc.,Technology,1.065,4528552280064,37.328083,0.35
2026-03-13,AAPL,249.8897705078125,Apple Inc.,Technology,1.065,4528552280064,37.328083,0.35
2026-03-16,AAPL,252.58729553222656,Apple Inc.,Technology,1.065,4528552280064,37.328083,0.35
2026-03-17,AAPL,253.99598693847656,Apple Inc.,Technology,1.065,4528552280064,37.328083,0.35
2026-03-18,AAPL,249.70994567871094,Apple Inc.,Technology,1.065,4528552280064,37.328083,0.35
2026-03-19,AAPL,248.73085021972656,Apple Inc.,Technology,1.065,4528552280064,37.328083,0.35
2026-03-20,AAPL,247.76173400878906,Apple Inc.,Technology,1.065,4528552280064,37.328083,0.35
2026-03-23,AAPL,251.25851440429688,Apple Inc.,Technology,1.065,4528552280064,37.328083,0.35
2026-03-24,AAPL,251.4083709716797,Apple Inc.,Technology,1.065,4528552280064,37.328083,0.35
2026-03-25,AAPL,252.38746643066406,Apple Inc.,Technology,1.065,4528552280064,37.328083,0.35
2026-03-26,AAPL,252.6572265625,Apple Inc.,Technology,1.065,4528552280064,37.328083,0.35
2026-03-27,AAPL,248.57098388671875,Apple Inc.,Technology,1.065,4528552280064,37.328083,0.35
2026-03-30,AAPL,246.40298461914062,Apple Inc.,Technology,1.065,4528552280064,37.328083,0.35
2026-03-31,AAPL,253.55638122558594,Apple Inc.,Technology,1.065,4528552280064,37.328083,0.35
2026-04-01,AAPL,255.3946990966797,Apple Inc.,Technology,1.065,4528552280064,37.328083,0.35
2026-04-02,AAPL,255.68443298339844,Apple Inc.,Technology,1.065,4528552280064,37.328083,0.35
2026-04-06,AAPL,258.6217041015625,Apple Inc.,Technology,1.065,4528552280064,37.328083,0.35
2026-04-07,AAPL,253.26666259765625,Apple Inc.,Technology,1.065,4528552280064,37.328083,0.35
2026-04-08,AAPL,258.66168212890625,Apple Inc.,Technology,1.065,4528552280064,37.328083,0.35
2026-04-09,AAPL,260.2502136230469,Apple Inc.,Technology,1.065,4528552280064,37.328083,0.35
2026-04-10,AAPL,260.240234375,Apple Inc.,Technology,1.065,4528552280064,37.328083,0.35
2026-04-13,AAPL,258.96142578125,Apple Inc.,Technology,1.065,4528552280064,37.328083,0.35
2026-04-14,AAPL,258.59173583984375,Apple Inc.,Technology,1.065,4528552280064,37.328083,0.35
2026-04-15,AAPL,266.18475341796875,Apple Inc.,Technology,1.065,4528552280064,37.328083,0.35
2026-04-16,AAPL,263.15753173828125,Apple Inc.,Technology,1.065,4528552280064,37.328083,0.35
2026-04-17,AAPL,269.98126220703125,Apple Inc.,Technology,1.065,4528552280064,37.328083,0.35
2026-04-20,AAPL,272.79864501953125,Apple Inc.,Technology,1.065,4528552280064,37.328083,0.35
2026-04-21,AAPL,265.9250183105469,Apple Inc.,Technology,1.065,4528552280064,37.328083,0.35
2026-04-22,AAPL,272.9185791015625,Apple Inc.,Technology,1.065,4528552280064,37.328083,0.35
2026-04-23,AAPL,273.1783142089844,Apple Inc.,Technology,1.065,4528552280064,37.328083,0.35
2026-04-24,AAPL,270.81048583984375,Apple Inc.,Technology,1.065,4528552280064,37.328083,0.35
2026-04-27,AAPL,267.3636474609375,Apple Inc.,Technology,1.065,4528552280064,37.328083,0.35
2026-04-28,AAPL,270.4608154296875,Apple Inc.,Technology,1.065,4528552280064,37.328083,0.35
2026-04-29,AAPL,269.92132568359375,Apple Inc.,Technology,1.065,4528552280064,37.328083,0.35
2026-04-30,AAPL,271.1002502441406,Apple Inc.,Technology,1.065,4528552280064,37.328083,0.35
2026-05-01,AAPL,279.88214111328125,Apple Inc.,Technology,1.065,4528552280064,37.328083,0.35
2026-05-04,AAPL,276.5751647949219,Apple Inc.,Technology,1.065,4528552280064,37.328083,0.35
2026-05-05,AAPL,283.9184265136719,Apple Inc.,Technology,1.065,4528552280064,37.328083,0.35
2026-05-06,AAPL,287.245361328125,Apple Inc.,Technology,1.065,4528552280064,37.328083,0.35
2026-05-07,AAPL,287.1754150390625,Apple Inc.,Technology,1.065,4528552280064,37.328083,0.35
2026-05-08,AAPL,293.0500183105469,Apple Inc.,Technology,1.065,4528552280064,37.328083,0.35
2026-05-11,AAPL,292.67999267578125,Apple Inc.,Technology,1.065,4528552280064,37.328083,0.35
2026-05-12,AAPL,294.79998779296875,Apple Inc.,Technology,1.065,4528552280064,37.328083,0.35
2026-05-13,AAPL,298.8699951171875,Apple Inc.,Technology,1.065,4528552280064,37.328083,0.35
2026-05-14,AAPL,298.2099914550781,Apple Inc.,Technology,1.065,4528552280064,37.328083,0.35
2026-05-15,AAPL,300.2300109863281,Apple Inc.,Technology,1.065,4528552280064,37.328083,0.35
2026-05-18,AAPL,297.8399963378906,Apple Inc.,Technology,1.065,4528552280064,37.328083,0.35
2026-05-19,AAPL,298.9700012207031,Apple Inc.,Technology,1.065,4528552280064,37.328083,0.35
2026-05-20,AAPL,302.25,Apple Inc.,Technology,1.065,4528552280064,37.328083,0.35
2026-05-21,AAPL,304.989990234375,Apple Inc.,Technology,1.065,4528552280064,37.328083,0.35
2026-05-22,AAPL,308.82000732421875,Apple Inc.,Technology,1.065,4528552280064,37.328083,0.35
2026-05-26,AAPL,308.3299865722656,Apple Inc.,Technology,1.065,4528552280064,37.328083,0.35
2025-05-27,AMZN,206.02000427246094,"Amazon.com, Inc.",Consumer Cyclical,1.468,2853753847808,31.657518,0
2025-05-28,AMZN,204.72000122070312,"Amazon.com, Inc.",Consumer Cyclical,1.468,2853753847808,31.657518,0
2025-05-29,AMZN,205.6999969482422,"Amazon.com, Inc.",Consumer Cyclical,1.468,2853753847808,31.657518,0
2025-05-30,AMZN,205.00999450683594,"Amazon.com, Inc.",Consumer Cyclical,1.468,2853753847808,31.657518,0
2025-06-02,AMZN,206.64999389648438,"Amazon.com, Inc.",Consumer Cyclical,1.468,2853753847808,31.657518,0
2025-06-03,AMZN,205.7100067138672,"Amazon.com, Inc.",Consumer Cyclical,1.468,2853753847808,31.657518,0
2025-06-04,AMZN,207.22999572753906,"Amazon.com, Inc.",Consumer Cyclical,1.468,2853753847808,31.657518,0
2025-06-05,AMZN,207.91000366210938,"Amazon.com, Inc.",Consumer Cyclical,1.468,2853753847808,31.657518,0
2025-06-06,AMZN,213.57000732421875,"Amazon.com, Inc.",Consumer Cyclical,1.468,2853753847808,31.657518,0
2025-06-09,AMZN,216.97999572753906,"Amazon.com, Inc.",Consumer Cyclical,1.468,2853753847808,31.657518,0
2025-06-10,AMZN,217.61000061035156,"Amazon.com, Inc.",Consumer Cyclical,1.468,2853753847808,31.657518,0
2025-06-11,AMZN,213.1999969482422,"Amazon.com, Inc.",Consumer Cyclical,1.468,2853753847808,31.657518,0
2025-06-12,AMZN,213.24000549316406,"Amazon.com, Inc.",Consumer Cyclical,1.468,2853753847808,31.657518,0
2025-06-13,AMZN,212.10000610351562,"Amazon.com, Inc.",Consumer Cyclical,1.468,2853753847808,31.657518,0
2025-06-16,AMZN,216.10000610351562,"Amazon.com, Inc.",Consumer Cyclical,1.468,2853753847808,31.657518,0
2025-06-17,AMZN,214.82000732421875,"Amazon.com, Inc.",Consumer Cyclical,1.468,2853753847808,31.657518,0
2025-06-18,AMZN,212.52000427246094,"Amazon.com, Inc.",Consumer Cyclical,1.468,2853753847808,31.657518,0
2025-06-20,AMZN,209.69000244140625,"Amazon.com, Inc.",Consumer Cyclical,1.468,2853753847808,31.657518,0
2025-06-23,AMZN,208.47000122070312,"Amazon.com, Inc.",Consumer Cyclical,1.468,2853753847808,31.657518,0
2025-06-24,AMZN,212.77000427246094,"Amazon.com, Inc.",Consumer Cyclical,1.468,2853753847808,31.657518,0
2025-06-25,AMZN,211.99000549316406,"Amazon.com, Inc.",Consumer Cyclical,1.468,2853753847808,31.657518,0
2025-06-26,AMZN,217.1199951171875,"Amazon.com, Inc.",Consumer Cyclical,1.468,2853753847808,31.657518,0
2025-06-27,AMZN,223.3000030517578,"Amazon.com, Inc.",Consumer Cyclical,1.468,2853753847808,31.657518,0
2025-06-30,AMZN,219.38999938964844,"Amazon.com, Inc.",Consumer Cyclical,1.468,2853753847808,31.657518,0
2025-07-01,AMZN,220.4600067138672,"Amazon.com, Inc.",Consumer Cyclical,1.468,2853753847808,31.657518,0
2025-07-02,AMZN,219.9199981689453,"Amazon.com, Inc.",Consumer Cyclical,1.468,2853753847808,31.657518,0
2025-07-03,AMZN,223.41000366210938,"Amazon.com, Inc.",Consumer Cyclical,1.468,2853753847808,31.657518,0
2025-07-07,AMZN,223.47000122070312,"Amazon.com, Inc.",Consumer Cyclical,1.468,2853753847808,31.657518,0
2025-07-08,AMZN,219.36000061035156,"Amazon.com, Inc.",Consumer Cyclical,1.468,2853753847808,31.657518,0
2025-07-09,AMZN,222.5399932861328,"Amazon.com, Inc.",Consumer Cyclical,1.468,2853753847808,31.657518,0
2025-07-10,AMZN,222.25999450683594,"Amazon.com, Inc.",Consumer Cyclical,1.468,2853753847808,31.657518,0
2025-07-11,AMZN,225.02000427246094,"Amazon.com, Inc.",Consumer Cyclical,1.468,2853753847808,31.657518,0
2025-07-14,AMZN,225.69000244140625,"Amazon.com, Inc.",Consumer Cyclical,1.468,2853753847808,31.657518,0
2025-07-15,AMZN,226.35000610351562,"Amazon.com, Inc.",Consumer Cyclical,1.468,2853753847808,31.657518,0
2025-07-16,AMZN,223.19000244140625,"Amazon.com, Inc.",Consumer Cyclical,1.468,2853753847808,31.657518,0
2025-07-17,AMZN,223.8800048828125,"Amazon.com, Inc.",Consumer Cyclical,1.468,2853753847808,31.657518,0
2025-07-18,AMZN,226.1300048828125,"Amazon.com, Inc.",Consumer Cyclical,1.468,2853753847808,31.657518,0
2025-07-21,AMZN,229.3000030517578,"Amazon.com, Inc.",Consumer Cyclical,1.468,2853753847808,31.657518,0
2025-07-22,AMZN,227.47000122070312,"Amazon.com, Inc.",Consumer Cyclical,1.468,2853753847808,31.657518,0
2025-07-23,AMZN,228.2899932861328,"Amazon.com, Inc.",Consumer Cyclical,1.468,2853753847808,31.657518,0
2025-07-24,AMZN,232.22999572753906,"Amazon.com, Inc.",Consumer Cyclical,1.468,2853753847808,31.657518,0
2025-07-25,AMZN,231.44000244140625,"Amazon.com, Inc.",Consumer Cyclical,1.468,2853753847808,31.657518,0
2025-07-28,AMZN,232.7899932861328,"Amazon.com, Inc.",Consumer Cyclical,1.468,2853753847808,31.657518,0
2025-07-29,AMZN,231.00999450683594,"Amazon.com, Inc.",Consumer Cyclical,1.468,2853753847808,31.657518,0
2025-07-30,AMZN,230.19000244140625,"Amazon.com, Inc.",Consumer Cyclical,1.468,2853753847808,31.657518,0
2025-07-31,AMZN,234.11000061035156,"Amazon.com, Inc.",Consumer Cyclical,1.468,2853753847808,31.657518,0
2025-08-01,AMZN,214.75,"Amazon.com, Inc.",Consumer Cyclical,1.468,2853753847808,31.657518,0
2025-08-04,AMZN,211.64999389648438,"Amazon.com, Inc.",Consumer Cyclical,1.468,2853753847808,31.657518,0
2025-08-05,AMZN,213.75,"Amazon.com, Inc.",Consumer Cyclical,1.468,2853753847808,31.657518,0
2025-08-06,AMZN,222.30999755859375,"Amazon.com, Inc.",Consumer Cyclical,1.468,2853753847808,31.657518,0
2025-08-07,AMZN,223.1300048828125,"Amazon.com, Inc.",Consumer Cyclical,1.468,2853753847808,31.657518,0
2025-08-08,AMZN,222.69000244140625,"Amazon.com, Inc.",Consumer Cyclical,1.468,2853753847808,31.657518,0
2025-08-11,AMZN,221.3000030517578,"Amazon.com, Inc.",Consumer Cyclical,1.468,2853753847808,31.657518,0
2025-08-12,AMZN,221.47000122070312,"Amazon.com, Inc.",Consumer Cyclical,1.468,2853753847808,31.657518,0
2025-08-13,AMZN,224.55999755859375,"Amazon.com, Inc.",Consumer Cyclical,1.468,2853753847808,31.657518,0
2025-08-14,AMZN,230.97999572753906,"Amazon.com, Inc.",Consumer Cyclical,1.468,2853753847808,31.657518,0
2025-08-15,AMZN,231.02999877929688,"Amazon.com, Inc.",Consumer Cyclical,1.468,2853753847808,31.657518,0
2025-08-18,AMZN,231.49000549316406,"Amazon.com, Inc.",Consumer Cyclical,1.468,2853753847808,31.657518,0
2025-08-19,AMZN,228.00999450683594,"Amazon.com, Inc.",Consumer Cyclical,1.468,2853753847808,31.657518,0
2025-08-20,AMZN,223.80999755859375,"Amazon.com, Inc.",Consumer Cyclical,1.468,2853753847808,31.657518,0
2025-08-21,AMZN,221.9499969482422,"Amazon.com, Inc.",Consumer Cyclical,1.468,2853753847808,31.657518,0
2025-08-22,AMZN,228.83999633789062,"Amazon.com, Inc.",Consumer Cyclical,1.468,2853753847808,31.657518,0
2025-08-25,AMZN,227.94000244140625,"Amazon.com, Inc.",Consumer Cyclical,1.468,2853753847808,31.657518,0
2025-08-26,AMZN,228.7100067138672,"Amazon.com, Inc.",Consumer Cyclical,1.468,2853753847808,31.657518,0
2025-08-27,AMZN,229.1199951171875,"Amazon.com, Inc.",Consumer Cyclical,1.468,2853753847808,31.657518,0
2025-08-28,AMZN,231.60000610351562,"Amazon.com, Inc.",Consumer Cyclical,1.468,2853753847808,31.657518,0
2025-08-29,AMZN,229.0,"Amazon.com, Inc.",Consumer Cyclical,1.468,2853753847808,31.657518,0
2025-09-02,AMZN,225.33999633789062,"Amazon.com, Inc.",Consumer Cyclical,1.468,2853753847808,31.657518,0
2025-09-03,AMZN,225.99000549316406,"Amazon.com, Inc.",Consumer Cyclical,1.468,2853753847808,31.657518,0
2025-09-04,AMZN,235.67999267578125,"Amazon.com, Inc.",Consumer Cyclical,1.468,2853753847808,31.657518,0
2025-09-05,AMZN,232.3300018310547,"Amazon.com, Inc.",Consumer Cyclical,1.468,2853753847808,31.657518,0
2025-09-08,AMZN,235.83999633789062,"Amazon.com, Inc.",Consumer Cyclical,1.468,2853753847808,31.657518,0
2025-09-09,AMZN,238.24000549316406,"Amazon.com, Inc.",Consumer Cyclical,1.468,2853753847808,31.657518,0
2025-09-10,AMZN,230.3300018310547,"Amazon.com, Inc.",Consumer Cyclical,1.468,2853753847808,31.657518,0
2025-09-11,AMZN,229.9499969482422,"Amazon.com, Inc.",Consumer Cyclical,1.468,2853753847808,31.657518,0
2025-09-12,AMZN,228.14999389648438,"Amazon.com, Inc.",Consumer Cyclical,1.468,2853753847808,31.657518,0
2025-09-15,AMZN,231.42999267578125,"Amazon.com, Inc.",Consumer Cyclical,1.468,2853753847808,31.657518,0
2025-09-16,AMZN,234.0500030517578,"Amazon.com, Inc.",Consumer Cyclical,1.468,2853753847808,31.657518,0
2025-09-17,AMZN,231.6199951171875,"Amazon.com, Inc.",Consumer Cyclical,1.468,2853753847808,31.657518,0
2025-09-18,AMZN,231.22999572753906,"Amazon.com, Inc.",Consumer Cyclical,1.468,2853753847808,31.657518,0
2025-09-19,AMZN,231.47999572753906,"Amazon.com, Inc.",Consumer Cyclical,1.468,2853753847808,31.657518,0
2025-09-22,AMZN,227.6300048828125,"Amazon.com, Inc.",Consumer Cyclical,1.468,2853753847808,31.657518,0
2025-09-23,AMZN,220.7100067138672,"Amazon.com, Inc.",Consumer Cyclical,1.468,2853753847808,31.657518,0
2025-09-24,AMZN,220.2100067138672,"Amazon.com, Inc.",Consumer Cyclical,1.468,2853753847808,31.657518,0
2025-09-25,AMZN,218.14999389648438,"Amazon.com, Inc.",Consumer Cyclical,1.468,2853753847808,31.657518,0
2025-09-26,AMZN,219.77999877929688,"Amazon.com, Inc.",Consumer Cyclical,1.468,2853753847808,31.657518,0
2025-09-29,AMZN,222.1699981689453,"Amazon.com, Inc.",Consumer Cyclical,1.468,2853753847808,31.657518,0
2025-09-30,AMZN,219.57000732421875,"Amazon.com, Inc.",Consumer Cyclical,1.468,2853753847808,31.657518,0
2025-10-01,AMZN,220.6300048828125,"Amazon.com, Inc.",Consumer Cyclical,1.468,2853753847808,31.657518,0
2025-10-02,AMZN,222.41000366210938,"Amazon.com, Inc.",Consumer Cyclical,1.468,2853753847808,31.657518,0
2025-10-03,AMZN,219.50999450683594,"Amazon.com, Inc.",Consumer Cyclical,1.468,2853753847808,31.657518,0
2025-10-06,AMZN,220.89999389648438,"Amazon.com, Inc.",Consumer Cyclical,1.468,2853753847808,31.657518,0
2025-10-07,AMZN,221.77999877929688,"Amazon.com, Inc.",Consumer Cyclical,1.468,2853753847808,31.657518,0
2025-10-08,AMZN,225.22000122070312,"Amazon.com, Inc.",Consumer Cyclical,1.468,2853753847808,31.657518,0
2025-10-09,AMZN,227.74000549316406,"Amazon.com, Inc.",Consumer Cyclical,1.468,2853753847808,31.657518,0
2025-10-10,AMZN,216.3699951171875,"Amazon.com, Inc.",Consumer Cyclical,1.468,2853753847808,31.657518,0
2025-10-13,AMZN,220.07000732421875,"Amazon.com, Inc.",Consumer Cyclical,1.468,2853753847808,31.657518,0
2025-10-14,AMZN,216.38999938964844,"Amazon.com, Inc.",Consumer Cyclical,1.468,2853753847808,31.657518,0
2025-10-15,AMZN,215.57000732421875,"Amazon.com, Inc.",Consumer Cyclical,1.468,2853753847808,31.657518,0
2025-10-16,AMZN,214.47000122070312,"Amazon.com, Inc.",Consumer Cyclical,1.468,2853753847808,31.657518,0
2025-10-17,AMZN,213.0399932861328,"Amazon.com, Inc.",Consumer Cyclical,1.468,2853753847808,31.657518,0
2025-10-20,AMZN,216.47999572753906,"Amazon.com, Inc.",Consumer Cyclical,1.468,2853753847808,31.657518,0
2025-10-21,AMZN,222.02999877929688,"Amazon.com, Inc.",Consumer Cyclical,1.468,2853753847808,31.657518,0
2025-10-22,AMZN,217.9499969482422,"Amazon.com, Inc.",Consumer Cyclical,1.468,2853753847808,31.657518,0
2025-10-23,AMZN,221.08999633789062,"Amazon.com, Inc.",Consumer Cyclical,1.468,2853753847808,31.657518,0
2025-10-24,AMZN,224.2100067138672,"Amazon.com, Inc.",Consumer Cyclical,1.468,2853753847808,31.657518,0
2025-10-27,AMZN,226.97000122070312,"Amazon.com, Inc.",Consumer Cyclical,1.468,2853753847808,31.657518,0
2025-10-28,AMZN,229.25,"Amazon.com, Inc.",Consumer Cyclical,1.468,2853753847808,31.657518,0
2025-10-29,AMZN,230.3000030517578,"Amazon.com, Inc.",Consumer Cyclical,1.468,2853753847808,31.657518,0
2025-10-30,AMZN,222.86000061035156,"Amazon.com, Inc.",Consumer Cyclical,1.468,2853753847808,31.657518,0
2025-10-31,AMZN,244.22000122070312,"Amazon.com, Inc.",Consumer Cyclical,1.468,2853753847808,31.657518,0
2025-11-03,AMZN,254.0,"Amazon.com, Inc.",Consumer Cyclical,1.468,2853753847808,31.657518,0
2025-11-04,AMZN,249.32000732421875,"Amazon.com, Inc.",Consumer Cyclical,1.468,2853753847808,31.657518,0
2025-11-05,AMZN,250.1999969482422,"Amazon.com, Inc.",Consumer Cyclical,1.468,2853753847808,31.657518,0
2025-11-06,AMZN,243.0399932861328,"Amazon.com, Inc.",Consumer Cyclical,1.468,2853753847808,31.657518,0
2025-11-07,AMZN,244.41000366210938,"Amazon.com, Inc.",Consumer Cyclical,1.468,2853753847808,31.657518,0
2025-11-10,AMZN,248.39999389648438,"Amazon.com, Inc.",Consumer Cyclical,1.468,2853753847808,31.657518,0
2025-11-11,AMZN,249.10000610351562,"Amazon.com, Inc.",Consumer Cyclical,1.468,2853753847808,31.657518,0
2025-11-12,AMZN,244.1999969482422,"Amazon.com, Inc.",Consumer Cyclical,1.468,2853753847808,31.657518,0
2025-11-13,AMZN,237.5800018310547,"Amazon.com, Inc.",Consumer Cyclical,1.468,2853753847808,31.657518,0
2025-11-14,AMZN,234.69000244140625,"Amazon.com, Inc.",Consumer Cyclical,1.468,2853753847808,31.657518,0
2025-11-17,AMZN,232.8699951171875,"Amazon.com, Inc.",Consumer Cyclical,1.468,2853753847808,31.657518,0
2025-11-18,AMZN,222.5500030517578,"Amazon.com, Inc.",Consumer Cyclical,1.468,2853753847808,31.657518,0
2025-11-19,AMZN,222.69000244140625,"Amazon.com, Inc.",Consumer Cyclical,1.468,2853753847808,31.657518,0
2025-11-20,AMZN,217.13999938964844,"Amazon.com, Inc.",Consumer Cyclical,1.468,2853753847808,31.657518,0
2025-11-21,AMZN,220.69000244140625,"Amazon.com, Inc.",Consumer Cyclical,1.468,2853753847808,31.657518,0
2025-11-24,AMZN,226.27999877929688,"Amazon.com, Inc.",Consumer Cyclical,1.468,2853753847808,31.657518,0
2025-11-25,AMZN,229.6699981689453,"Amazon.com, Inc.",Consumer Cyclical,1.468,2853753847808,31.657518,0
2025-11-26,AMZN,229.16000366210938,"Amazon.com, Inc.",Consumer Cyclical,1.468,2853753847808,31.657518,0
2025-11-28,AMZN,233.22000122070312,"Amazon.com, Inc.",Consumer Cyclical,1.468,2853753847808,31.657518,0
2025-12-01,AMZN,233.8800048828125,"Amazon.com, Inc.",Consumer Cyclical,1.468,2853753847808,31.657518,0
2025-12-02,AMZN,234.4199981689453,"Amazon.com, Inc.",Consumer Cyclical,1.468,2853753847808,31.657518,0
2025-12-03,AMZN,232.3800048828125,"Amazon.com, Inc.",Consumer Cyclical,1.468,2853753847808,31.657518,0
2025-12-04,AMZN,229.11000061035156,"Amazon.com, Inc.",Consumer Cyclical,1.468,2853753847808,31.657518,0
2025-12-05,AMZN,229.52999877929688,"Amazon.com, Inc.",Consumer Cyclical,1.468,2853753847808,31.657518,0
2025-12-08,AMZN,226.88999938964844,"Amazon.com, Inc.",Consumer Cyclical,1.468,2853753847808,31.657518,0
2025-12-09,AMZN,227.9199981689453,"Amazon.com, Inc.",Consumer Cyclical,1.468,2853753847808,31.657518,0
2025-12-10,AMZN,231.77999877929688,"Amazon.com, Inc.",Consumer Cyclical,1.468,2853753847808,31.657518,0
2025-12-11,AMZN,230.27999877929688,"Amazon.com, Inc.",Consumer Cyclical,1.468,2853753847808,31.657518,0
2025-12-12,AMZN,226.19000244140625,"Amazon.com, Inc.",Consumer Cyclical,1.468,2853753847808,31.657518,0
2025-12-15,AMZN,222.5399932861328,"Amazon.com, Inc.",Consumer Cyclical,1.468,2853753847808,31.657518,0
2025-12-16,AMZN,222.55999755859375,"Amazon.com, Inc.",Consumer Cyclical,1.468,2853753847808,31.657518,0
2025-12-17,AMZN,221.27000427246094,"Amazon.com, Inc.",Consumer Cyclical,1.468,2853753847808,31.657518,0
2025-12-18,AMZN,226.75999450683594,"Amazon.com, Inc.",Consumer Cyclical,1.468,2853753847808,31.657518,0
2025-12-19,AMZN,227.35000610351562,"Amazon.com, Inc.",Consumer Cyclical,1.468,2853753847808,31.657518,0
2025-12-22,AMZN,228.42999267578125,"Amazon.com, Inc.",Consumer Cyclical,1.468,2853753847808,31.657518,0
2025-12-23,AMZN,232.13999938964844,"Amazon.com, Inc.",Consumer Cyclical,1.468,2853753847808,31.657518,0
2025-12-24,AMZN,232.3800048828125,"Amazon.com, Inc.",Consumer Cyclical,1.468,2853753847808,31.657518,0
2025-12-26,AMZN,232.52000427246094,"Amazon.com, Inc.",Consumer Cyclical,1.468,2853753847808,31.657518,0
2025-12-29,AMZN,232.07000732421875,"Amazon.com, Inc.",Consumer Cyclical,1.468,2853753847808,31.657518,0
2025-12-30,AMZN,232.52999877929688,"Amazon.com, Inc.",Consumer Cyclical,1.468,2853753847808,31.657518,0
2025-12-31,AMZN,230.82000732421875,"Amazon.com, Inc.",Consumer Cyclical,1.468,2853753847808,31.657518,0
2026-01-02,AMZN,226.5,"Amazon.com, Inc.",Consumer Cyclical,1.468,2853753847808,31.657518,0
2026-01-05,AMZN,233.05999755859375,"Amazon.com, Inc.",Consumer Cyclical,1.468,2853753847808,31.657518,0
2026-01-06,AMZN,240.92999267578125,"Amazon.com, Inc.",Consumer Cyclical,1.468,2853753847808,31.657518,0
2026-01-07,AMZN,241.55999755859375,"Amazon.com, Inc.",Consumer Cyclical,1.468,2853753847808,31.657518,0
2026-01-08,AMZN,246.2899932861328,"Amazon.com, Inc.",Consumer Cyclical,1.468,2853753847808,31.657518,0
2026-01-09,AMZN,247.3800048828125,"Amazon.com, Inc.",Consumer Cyclical,1.468,2853753847808,31.657518,0
2026-01-12,AMZN,246.47000122070312,"Amazon.com, Inc.",Consumer Cyclical,1.468,2853753847808,31.657518,0
2026-01-13,AMZN,242.60000610351562,"Amazon.com, Inc.",Consumer Cyclical,1.468,2853753847808,31.657518,0
2026-01-14,AMZN,236.64999389648438,"Amazon.com, Inc.",Consumer Cyclical,1.468,2853753847808,31.657518,0
2026-01-15,AMZN,238.17999267578125,"Amazon.com, Inc.",Consumer Cyclical,1.468,2853753847808,31.657518,0
2026-01-16,AMZN,239.1199951171875,"Amazon.com, Inc.",Consumer Cyclical,1.468,2853753847808,31.657518,0
2026-01-20,AMZN,231.0,"Amazon.com, Inc.",Consumer Cyclical,1.468,2853753847808,31.657518,0
2026-01-21,AMZN,231.30999755859375,"Amazon.com, Inc.",Consumer Cyclical,1.468,2853753847808,31.657518,0
2026-01-22,AMZN,234.33999633789062,"Amazon.com, Inc.",Consumer Cyclical,1.468,2853753847808,31.657518,0
2026-01-23,AMZN,239.16000366210938,"Amazon.com, Inc.",Consumer Cyclical,1.468,2853753847808,31.657518,0
2026-01-26,AMZN,238.4199981689453,"Amazon.com, Inc.",Consumer Cyclical,1.468,2853753847808,31.657518,0
2026-01-27,AMZN,244.67999267578125,"Amazon.com, Inc.",Consumer Cyclical,1.468,2853753847808,31.657518,0
2026-01-28,AMZN,243.00999450683594,"Amazon.com, Inc.",Consumer Cyclical,1.468,2853753847808,31.657518,0
2026-01-29,AMZN,241.72999572753906,"Amazon.com, Inc.",Consumer Cyclical,1.468,2853753847808,31.657518,0
2026-01-30,AMZN,239.3000030517578,"Amazon.com, Inc.",Consumer Cyclical,1.468,2853753847808,31.657518,0
2026-02-02,AMZN,242.9600067138672,"Amazon.com, Inc.",Consumer Cyclical,1.468,2853753847808,31.657518,0
2026-02-03,AMZN,238.6199951171875,"Amazon.com, Inc.",Consumer Cyclical,1.468,2853753847808,31.657518,0
2026-02-04,AMZN,232.99000549316406,"Amazon.com, Inc.",Consumer Cyclical,1.468,2853753847808,31.657518,0
2026-02-05,AMZN,222.69000244140625,"Amazon.com, Inc.",Consumer Cyclical,1.468,2853753847808,31.657518,0
2026-02-06,AMZN,210.32000732421875,"Amazon.com, Inc.",Consumer Cyclical,1.468,2853753847808,31.657518,0
2026-02-09,AMZN,208.72000122070312,"Amazon.com, Inc.",Consumer Cyclical,1.468,2853753847808,31.657518,0
2026-02-10,AMZN,206.9600067138672,"Amazon.com, Inc.",Consumer Cyclical,1.468,2853753847808,31.657518,0
2026-02-11,AMZN,204.0800018310547,"Amazon.com, Inc.",Consumer Cyclical,1.468,2853753847808,31.657518,0
2026-02-12,AMZN,199.60000610351562,"Amazon.com, Inc.",Consumer Cyclical,1.468,2853753847808,31.657518,0
2026-02-13,AMZN,198.7899932861328,"Amazon.com, Inc.",Consumer Cyclical,1.468,2853753847808,31.657518,0
2026-02-17,AMZN,201.14999389648438,"Amazon.com, Inc.",Consumer Cyclical,1.468,2853753847808,31.657518,0
2026-02-18,AMZN,204.7899932861328,"Amazon.com, Inc.",Consumer Cyclical,1.468,2853753847808,31.657518,0
2026-02-19,AMZN,204.86000061035156,"Amazon.com, Inc.",Consumer Cyclical,1.468,2853753847808,31.657518,0
2026-02-20,AMZN,210.11000061035156,"Amazon.com, Inc.",Consumer Cyclical,1.468,2853753847808,31.657518,0
2026-02-23,AMZN,205.27000427246094,"Amazon.com, Inc.",Consumer Cyclical,1.468,2853753847808,31.657518,0
2026-02-24,AMZN,208.55999755859375,"Amazon.com, Inc.",Consumer Cyclical,1.468,2853753847808,31.657518,0
2026-02-25,AMZN,210.63999938964844,"Amazon.com, Inc.",Consumer Cyclical,1.468,2853753847808,31.657518,0
2026-02-26,AMZN,207.9199981689453,"Amazon.com, Inc.",Consumer Cyclical,1.468,2853753847808,31.657518,0
2026-02-27,AMZN,210.0,"Amazon.com, Inc.",Consumer Cyclical,1.468,2853753847808,31.657518,0
2026-03-02,AMZN,208.38999938964844,"Amazon.com, Inc.",Consumer Cyclical,1.468,2853753847808,31.657518,0
2026-03-03,AMZN,208.72999572753906,"Amazon.com, Inc.",Consumer Cyclical,1.468,2853753847808,31.657518,0
2026-03-04,AMZN,216.82000732421875,"Amazon.com, Inc.",Consumer Cyclical,1.468,2853753847808,31.657518,0
2026-03-05,AMZN,218.94000244140625,"Amazon.com, Inc.",Consumer Cyclical,1.468,2853753847808,31.657518,0
2026-03-06,AMZN,213.2100067138672,"Amazon.com, Inc.",Consumer Cyclical,1.468,2853753847808,31.657518,0
2026-03-09,AMZN,213.49000549316406,"Amazon.com, Inc.",Consumer Cyclical,1.468,2853753847808,31.657518,0
2026-03-10,AMZN,214.3300018310547,"Amazon.com, Inc.",Consumer Cyclical,1.468,2853753847808,31.657518,0
2026-03-11,AMZN,212.64999389648438,"Amazon.com, Inc.",Consumer Cyclical,1.468,2853753847808,31.657518,0
2026-03-12,AMZN,209.52999877929688,"Amazon.com, Inc.",Consumer Cyclical,1.468,2853753847808,31.657518,0
2026-03-13,AMZN,207.6699981689453,"Amazon.com, Inc.",Consumer Cyclical,1.468,2853753847808,31.657518,0
2026-03-16,AMZN,211.74000549316406,"Amazon.com, Inc.",Consumer Cyclical,1.468,2853753847808,31.657518,0
2026-03-17,AMZN,215.1999969482422,"Amazon.com, Inc.",Consumer Cyclical,1.468,2853753847808,31.657518,0
2026-03-18,AMZN,209.8699951171875,"Amazon.com, Inc.",Consumer Cyclical,1.468,2853753847808,31.657518,0
2026-03-19,AMZN,208.75999450683594,"Amazon.com, Inc.",Consumer Cyclical,1.468,2853753847808,31.657518,0
2026-03-20,AMZN,205.3699951171875,"Amazon.com, Inc.",Consumer Cyclical,1.468,2853753847808,31.657518,0
2026-03-23,AMZN,210.13999938964844,"Amazon.com, Inc.",Consumer Cyclical,1.468,2853753847808,31.657518,0
2026-03-24,AMZN,207.24000549316406,"Amazon.com, Inc.",Consumer Cyclical,1.468,2853753847808,31.657518,0
2026-03-25,AMZN,211.7100067138672,"Amazon.com, Inc.",Consumer Cyclical,1.468,2853753847808,31.657518,0
2026-03-26,AMZN,207.5399932861328,"Amazon.com, Inc.",Consumer Cyclical,1.468,2853753847808,31.657518,0
2026-03-27,AMZN,199.33999633789062,"Amazon.com, Inc.",Consumer Cyclical,1.468,2853753847808,31.657518,0
2026-03-30,AMZN,200.9499969482422,"Amazon.com, Inc.",Consumer Cyclical,1.468,2853753847808,31.657518,0
2026-03-31,AMZN,208.27000427246094,"Amazon.com, Inc.",Consumer Cyclical,1.468,2853753847808,31.657518,0
2026-04-01,AMZN,210.57000732421875,"Amazon.com, Inc.",Consumer Cyclical,1.468,2853753847808,31.657518,0
2026-04-02,AMZN,209.77000427246094,"Amazon.com, Inc.",Consumer Cyclical,1.468,2853753847808,31.657518,0
2026-04-06,AMZN,212.7899932861328,"Amazon.com, Inc.",Consumer Cyclical,1.468,2853753847808,31.657518,0
2026-04-07,AMZN,213.77000427246094,"Amazon.com, Inc.",Consumer Cyclical,1.468,2853753847808,31.657518,0
2026-04-08,AMZN,221.25,"Amazon.com, Inc.",Consumer Cyclical,1.468,2853753847808,31.657518,0
2026-04-09,AMZN,233.64999389648438,"Amazon.com, Inc.",Consumer Cyclical,1.468,2853753847808,31.657518,0
2026-04-10,AMZN,238.3800048828125,"Amazon.com, Inc.",Consumer Cyclical,1.468,2853753847808,31.657518,0
2026-04-13,AMZN,239.88999938964844,"Amazon.com, Inc.",Consumer Cyclical,1.468,2853753847808,31.657518,0
2026-04-14,AMZN,249.02000427246094,"Amazon.com, Inc.",Consumer Cyclical,1.468,2853753847808,31.657518,0
2026-04-15,AMZN,248.5,"Amazon.com, Inc.",Consumer Cyclical,1.468,2853753847808,31.657518,0
2026-04-16,AMZN,249.6999969482422,"Amazon.com, Inc.",Consumer Cyclical,1.468,2853753847808,31.657518,0
2026-04-17,AMZN,250.55999755859375,"Amazon.com, Inc.",Consumer Cyclical,1.468,2853753847808,31.657518,0
2026-04-20,AMZN,248.27999877929688,"Amazon.com, Inc.",Consumer Cyclical,1.468,2853753847808,31.657518,0
2026-04-21,AMZN,249.91000366210938,"Amazon.com, Inc.",Consumer Cyclical,1.468,2853753847808,31.657518,0
2026-04-22,AMZN,255.36000061035156,"Amazon.com, Inc.",Consumer Cyclical,1.468,2853753847808,31.657518,0
2026-04-23,AMZN,255.0800018310547,"Amazon.com, Inc.",Consumer Cyclical,1.468,2853753847808,31.657518,0
2026-04-24,AMZN,263.989990234375,"Amazon.com, Inc.",Consumer Cyclical,1.468,2853753847808,31.657518,0
2026-04-27,AMZN,261.1199951171875,"Amazon.com, Inc.",Consumer Cyclical,1.468,2853753847808,31.657518,0
2026-04-28,AMZN,259.70001220703125,"Amazon.com, Inc.",Consumer Cyclical,1.468,2853753847808,31.657518,0
2026-04-29,AMZN,263.0400085449219,"Amazon.com, Inc.",Consumer Cyclical,1.468,2853753847808,31.657518,0
2026-04-30,AMZN,265.05999755859375,"Amazon.com, Inc.",Consumer Cyclical,1.468,2853753847808,31.657518,0
2026-05-01,AMZN,268.260009765625,"Amazon.com, Inc.",Consumer Cyclical,1.468,2853753847808,31.657518,0
2026-05-04,AMZN,272.04998779296875,"Amazon.com, Inc.",Consumer Cyclical,1.468,2853753847808,31.657518,0
2026-05-05,AMZN,273.54998779296875,"Amazon.com, Inc.",Consumer Cyclical,1.468,2853753847808,31.657518,0
2026-05-06,AMZN,274.989990234375,"Amazon.com, Inc.",Consumer Cyclical,1.468,2853753847808,31.657518,0
2026-05-07,AMZN,271.1700134277344,"Amazon.com, Inc.",Consumer Cyclical,1.468,2853753847808,31.657518,0
2026-05-08,AMZN,272.67999267578125,"Amazon.com, Inc.",Consumer Cyclical,1.468,2853753847808,31.657518,0
2026-05-11,AMZN,268.989990234375,"Amazon.com, Inc.",Consumer Cyclical,1.468,2853753847808,31.657518,0
2026-05-12,AMZN,265.82000732421875,"Amazon.com, Inc.",Consumer Cyclical,1.468,2853753847808,31.657518,0
2026-05-13,AMZN,270.1300048828125,"Amazon.com, Inc.",Consumer Cyclical,1.468,2853753847808,31.657518,0
2026-05-14,AMZN,267.2200012207031,"Amazon.com, Inc.",Consumer Cyclical,1.468,2853753847808,31.657518,0
2026-05-15,AMZN,264.1400146484375,"Amazon.com, Inc.",Consumer Cyclical,1.468,2853753847808,31.657518,0
2026-05-18,AMZN,264.8599853515625,"Amazon.com, Inc.",Consumer Cyclical,1.468,2853753847808,31.657518,0
2026-05-19,AMZN,259.3399963378906,"Amazon.com, Inc.",Consumer Cyclical,1.468,2853753847808,31.657518,0
2026-05-20,AMZN,265.010009765625,"Amazon.com, Inc.",Consumer Cyclical,1.468,2853753847808,31.657518,0
2026-05-21,AMZN,268.4599914550781,"Amazon.com, Inc.",Consumer Cyclical,1.468,2853753847808,31.657518,0
2026-05-22,AMZN,266.32000732421875,"Amazon.com, Inc.",Consumer Cyclical,1.468,2853753847808,31.657518,0
2026-05-26,AMZN,265.2900085449219,"Amazon.com, Inc.",Consumer Cyclical,1.468,2853753847808,31.657518,0
2025-05-27,GOOGL,172.30255126953125,Alphabet Inc.,Communication Services,1.267,4711453818880,29.662853,0.23
2025-05-28,GOOGL,171.76441955566406,Alphabet Inc.,Communication Services,1.267,4711453818880,29.662853,0.23
2025-05-29,GOOGL,171.26614379882812,Alphabet Inc.,Communication Services,1.267,4711453818880,29.662853,0.23
2025-05-30,GOOGL,171.1465606689453,Alphabet Inc.,Communication Services,1.267,4711453818880,29.662853,0.23
2025-06-02,GOOGL,168.4459228515625,Alphabet Inc.,Communication Services,1.267,4711453818880,29.662853,0.23
2025-06-03,GOOGL,165.60577392578125,Alphabet Inc.,Communication Services,1.267,4711453818880,29.662853,0.23
2025-06-04,GOOGL,167.46929931640625,Alphabet Inc.,Communication Services,1.267,4711453818880,29.662853,0.23
2025-06-05,GOOGL,167.62876892089844,Alphabet Inc.,Communication Services,1.267,4711453818880,29.662853,0.23
2025-06-06,GOOGL,173.079833984375,Alphabet Inc.,Communication Services,1.267,4711453818880,29.662853,0.23
2025-06-09,GOOGL,175.69395446777344,Alphabet Inc.,Communication Services,1.267,4711453818880,29.662853,0.23
2025-06-10,GOOGL,178.19833374023438,Alphabet Inc.,Communication Services,1.267,4711453818880,29.662853,0.23
2025-06-11,GOOGL,176.9511260986328,Alphabet Inc.,Communication Services,1.267,4711453818880,29.662853,0.23
2025-06-12,GOOGL,175.30484008789062,Alphabet Inc.,Communication Services,1.267,4711453818880,29.662853,0.23
2025-06-13,GOOGL,174.27716064453125,Alphabet Inc.,Communication Services,1.267,4711453818880,29.662853,0.23
2025-06-16,GOOGL,176.3724365234375,Alphabet Inc.,Communication Services,1.267,4711453818880,29.662853,0.23
2025-06-17,GOOGL,175.5542755126953,Alphabet Inc.,Communication Services,1.267,4711453818880,29.662853,0.23
2025-06-18,GOOGL,172.93020629882812,Alphabet Inc.,Communication Services,1.267,4711453818880,29.662853,0.23
2025-06-20,GOOGL,166.26522827148438,Alphabet Inc.,Communication Services,1.267,4711453818880,29.662853,0.23
2025-06-23,GOOGL,164.8184814453125,Alphabet Inc.,Communication Services,1.267,4711453818880,29.662853,0.23
2025-06-24,GOOGL,166.3949432373047,Alphabet Inc.,Communication Services,1.267,4711453818880,29.662853,0.23
2025-06-25,GOOGL,170.29612731933594,Alphabet Inc.,Communication Services,1.267,4711453818880,29.662853,0.23
2025-06-26,GOOGL,173.14968872070312,Alphabet Inc.,Communication Services,1.267,4711453818880,29.662853,0.23
2025-06-27,GOOGL,178.12847900390625,Alphabet Inc.,Communication Services,1.267,4711453818880,29.662853,0.23
2025-06-30,GOOGL,175.83364868164062,Alphabet Inc.,Communication Services,1.267,4711453818880,29.662853,0.23
2025-07-01,GOOGL,175.44451904296875,Alphabet Inc.,Communication Services,1.267,4711453818880,29.662853,0.23
2025-07-02,GOOGL,178.23822021484375,Alphabet Inc.,Communication Services,1.267,4711453818880,29.662853,0.23
2025-07-03,GOOGL,179.126220703125,Alphabet Inc.,Communication Services,1.267,4711453818880,29.662853,0.23
2025-07-07,GOOGL,176.3923797607422,Alphabet Inc.,Communication Services,1.267,4711453818880,29.662853,0.23
2025-07-08,GOOGL,173.9678497314453,Alphabet Inc.,Communication Services,1.267,4711453818880,29.662853,0.23
2025-07-09,GOOGL,176.2227783203125,Alphabet Inc.,Communication Services,1.267,4711453818880,29.662853,0.23
2025-07-10,GOOGL,177.22052001953125,Alphabet Inc.,Communication Services,1.267,4711453818880,29.662853,0.23
2025-07-11,GOOGL,179.7847442626953,Alphabet Inc.,Communication Services,1.267,4711453818880,29.662853,0.23
2025-07-14,GOOGL,181.15164184570312,Alphabet Inc.,Communication Services,1.267,4711453818880,29.662853,0.23
2025-07-15,GOOGL,181.59068298339844,Alphabet Inc.,Communication Services,1.267,4711453818880,29.662853,0.23
2025-07-16,GOOGL,182.55848693847656,Alphabet Inc.,Communication Services,1.267,4711453818880,29.662853,0.23
2025-07-17,GOOGL,183.1671142578125,Alphabet Inc.,Communication Services,1.267,4711453818880,29.662853,0.23
2025-07-18,GOOGL,184.64378356933594,Alphabet Inc.,Communication Services,1.267,4711453818880,29.662853,0.23
2025-07-21,GOOGL,189.67245483398438,Alphabet Inc.,Communication Services,1.267,4711453818880,29.662853,0.23
2025-07-22,GOOGL,190.90966796875,Alphabet Inc.,Communication Services,1.267,4711453818880,29.662853,0.23
2025-07-23,GOOGL,189.8021697998047,Alphabet Inc.,Communication Services,1.267,4711453818880,29.662853,0.23
2025-07-24,GOOGL,191.73780822753906,Alphabet Inc.,Communication Services,1.267,4711453818880,29.662853,0.23
2025-07-25,GOOGL,192.74551391601562,Alphabet Inc.,Communication Services,1.267,4711453818880,29.662853,0.23
2025-07-28,GOOGL,192.14688110351562,Alphabet Inc.,Communication Services,1.267,4711453818880,29.662853,0.23
2025-07-29,GOOGL,195.3097381591797,Alphabet Inc.,Communication Services,1.267,4711453818880,29.662853,0.23
2025-07-30,GOOGL,196.08799743652344,Alphabet Inc.,Communication Services,1.267,4711453818880,29.662853,0.23
2025-07-31,GOOGL,191.46839904785156,Alphabet Inc.,Communication Services,1.267,4711453818880,29.662853,0.23
2025-08-01,GOOGL,188.70465087890625,Alphabet Inc.,Communication Services,1.267,4711453818880,29.662853,0.23
2025-08-04,GOOGL,194.60133361816406,Alphabet Inc.,Communication Services,1.267,4711453818880,29.662853,0.23
2025-08-05,GOOGL,194.232177734375,Alphabet Inc.,Communication Services,1.267,4711453818880,29.662853,0.23
2025-08-06,GOOGL,195.6489715576172,Alphabet Inc.,Communication Services,1.267,4711453818880,29.662853,0.23
2025-08-07,GOOGL,196.07801818847656,Alphabet Inc.,Communication Services,1.267,4711453818880,29.662853,0.23
2025-08-08,GOOGL,200.9669952392578,Alphabet Inc.,Communication Services,1.267,4711453818880,29.662853,0.23
2025-08-11,GOOGL,200.54794311523438,Alphabet Inc.,Communication Services,1.267,4711453818880,29.662853,0.23
2025-08-12,GOOGL,202.88267517089844,Alphabet Inc.,Communication Services,1.267,4711453818880,29.662853,0.23
2025-08-13,GOOGL,201.50579833984375,Alphabet Inc.,Communication Services,1.267,4711453818880,29.662853,0.23
2025-08-14,GOOGL,202.48358154296875,Alphabet Inc.,Communication Services,1.267,4711453818880,29.662853,0.23
2025-08-15,GOOGL,203.44140625,Alphabet Inc.,Communication Services,1.267,4711453818880,29.662853,0.23
2025-08-18,GOOGL,203.04232788085938,Alphabet Inc.,Communication Services,1.267,4711453818880,29.662853,0.23
2025-08-19,GOOGL,201.11668395996094,Alphabet Inc.,Communication Services,1.267,4711453818880,29.662853,0.23
2025-08-20,GOOGL,198.87171936035156,Alphabet Inc.,Communication Services,1.267,4711453818880,29.662853,0.23
2025-08-21,GOOGL,199.3007354736328,Alphabet Inc.,Communication Services,1.267,4711453818880,29.662853,0.23
2025-08-22,GOOGL,205.62648010253906,Alphabet Inc.,Communication Services,1.267,4711453818880,29.662853,0.23
2025-08-25,GOOGL,208.02110290527344,Alphabet Inc.,Communication Services,1.267,4711453818880,29.662853,0.23
2025-08-26,GOOGL,206.6741180419922,Alphabet Inc.,Communication Services,1.267,4711453818880,29.662853,0.23
2025-08-27,GOOGL,207.0133514404297,Alphabet Inc.,Communication Services,1.267,4711453818880,29.662853,0.23
2025-08-28,GOOGL,211.1640167236328,Alphabet Inc.,Communication Services,1.267,4711453818880,29.662853,0.23
2025-08-29,GOOGL,212.43115234375,Alphabet Inc.,Communication Services,1.267,4711453818880,29.662853,0.23
2025-09-02,GOOGL,210.87466430664062,Alphabet Inc.,Communication Services,1.267,4711453818880,29.662853,0.23
2025-09-03,GOOGL,230.1412353515625,Alphabet Inc.,Communication Services,1.267,4711453818880,29.662853,0.23
2025-09-04,GOOGL,231.7775421142578,Alphabet Inc.,Communication Services,1.267,4711453818880,29.662853,0.23
2025-09-05,GOOGL,234.4714813232422,Alphabet Inc.,Communication Services,1.267,4711453818880,29.662853,0.23
2025-09-08,GOOGL,233.72247314453125,Alphabet Inc.,Communication Services,1.267,4711453818880,29.662853,0.23
2025-09-09,GOOGL,239.30491638183594,Alphabet Inc.,Communication Services,1.267,4711453818880,29.662853,0.23
2025-09-10,GOOGL,238.84552001953125,Alphabet Inc.,Communication Services,1.267,4711453818880,29.662853,0.23
2025-09-11,GOOGL,240.0438995361328,Alphabet Inc.,Communication Services,1.267,4711453818880,29.662853,0.23
2025-09-12,GOOGL,240.4733123779297,Alphabet Inc.,Communication Services,1.267,4711453818880,29.662853,0.23
2025-09-15,GOOGL,251.26864624023438,Alphabet Inc.,Communication Services,1.267,4711453818880,29.662853,0.23
2025-09-16,GOOGL,250.8192596435547,Alphabet Inc.,Communication Services,1.267,4711453818880,29.662853,0.23
2025-09-17,GOOGL,249.19146728515625,Alphabet Inc.,Communication Services,1.267,4711453818880,29.662853,0.23
2025-09-18,GOOGL,251.68807983398438,Alphabet Inc.,Communication Services,1.267,4711453818880,29.662853,0.23
2025-09-19,GOOGL,254.3744354248047,Alphabet Inc.,Communication Services,1.267,4711453818880,29.662853,0.23
2025-09-22,GOOGL,252.18739318847656,Alphabet Inc.,Communication Services,1.267,4711453818880,29.662853,0.23
2025-09-23,GOOGL,251.31858825683594,Alphabet Inc.,Communication Services,1.267,4711453818880,29.662853,0.23
2025-09-24,GOOGL,246.80470275878906,Alphabet Inc.,Communication Services,1.267,4711453818880,29.662853,0.23
2025-09-25,GOOGL,245.45654296875,Alphabet Inc.,Communication Services,1.267,4711453818880,29.662853,0.23
2025-09-26,GOOGL,246.2055206298828,Alphabet Inc.,Communication Services,1.267,4711453818880,29.662853,0.23
2025-09-29,GOOGL,243.71890258789062,Alphabet Inc.,Communication Services,1.267,4711453818880,29.662853,0.23
2025-09-30,GOOGL,242.77020263671875,Alphabet Inc.,Communication Services,1.267,4711453818880,29.662853,0.23
2025-10-01,GOOGL,244.5677490234375,Alphabet Inc.,Communication Services,1.267,4711453818880,29.662853,0.23
2025-10-02,GOOGL,245.35667419433594,Alphabet Inc.,Communication Services,1.267,4711453818880,29.662853,0.23
2025-10-03,GOOGL,245.01715087890625,Alphabet Inc.,Communication Services,1.267,4711453818880,29.662853,0.23
2025-10-06,GOOGL,250.09024047851562,Alphabet Inc.,Communication Services,1.267,4711453818880,29.662853,0.23
2025-10-07,GOOGL,245.42657470703125,Alphabet Inc.,Communication Services,1.267,4711453818880,29.662853,0.23
2025-10-08,GOOGL,244.2881317138672,Alphabet Inc.,Communication Services,1.267,4711453818880,29.662853,0.23
2025-10-09,GOOGL,241.2023162841797,Alphabet Inc.,Communication Services,1.267,4711453818880,29.662853,0.23
2025-10-10,GOOGL,236.2490692138672,Alphabet Inc.,Communication Services,1.267,4711453818880,29.662853,0.23
2025-10-13,GOOGL,243.81875610351562,Alphabet Inc.,Communication Services,1.267,4711453818880,29.662853,0.23
2025-10-14,GOOGL,245.1169891357422,Alphabet Inc.,Communication Services,1.267,4711453818880,29.662853,0.23
2025-10-15,GOOGL,250.68942260742188,Alphabet Inc.,Communication Services,1.267,4711453818880,29.662853,0.23
2025-10-16,GOOGL,251.1188507080078,Alphabet Inc.,Communication Services,1.267,4711453818880,29.662853,0.23
2025-10-17,GOOGL,252.9563446044922,Alphabet Inc.,Communication Services,1.267,4711453818880,29.662853,0.23
2025-10-20,GOOGL,256.2019348144531,Alphabet Inc.,Communication Services,1.267,4711453818880,29.662853,0.23
2025-10-21,GOOGL,250.12020874023438,Alphabet Inc.,Communication Services,1.267,4711453818880,29.662853,0.23
2025-10-22,GOOGL,251.34854125976562,Alphabet Inc.,Communication Services,1.267,4711453818880,29.662853,0.23
2025-10-23,GOOGL,252.73666381835938,Alphabet Inc.,Communication Services,1.267,4711453818880,29.662853,0.23
2025-10-24,GOOGL,259.5673828125,Alphabet Inc.,Communication Services,1.267,4711453818880,29.662853,0.23
2025-10-27,GOOGL,268.9046630859375,Alphabet Inc.,Communication Services,1.267,4711453818880,29.662853,0.23
2025-10-28,GOOGL,267.1071472167969,Alphabet Inc.,Communication Services,1.267,4711453818880,29.662853,0.23
2025-10-29,GOOGL,274.197509765625,Alphabet Inc.,Communication Services,1.267,4711453818880,29.662853,0.23
2025-10-30,GOOGL,281.09814453125,Alphabet Inc.,Communication Services,1.267,4711453818880,29.662853,0.23
2025-10-31,GOOGL,280.8085021972656,Alphabet Inc.,Communication Services,1.267,4711453818880,29.662853,0.23
2025-11-03,GOOGL,283.3350830078125,Alphabet Inc.,Communication Services,1.267,4711453818880,29.662853,0.23
2025-11-04,GOOGL,277.1634521484375,Alphabet Inc.,Communication Services,1.267,4711453818880,29.662853,0.23
2025-11-05,GOOGL,283.92425537109375,Alphabet Inc.,Communication Services,1.267,4711453818880,29.662853,0.23
2025-11-06,GOOGL,284.3636779785156,Alphabet Inc.,Communication Services,1.267,4711453818880,29.662853,0.23
2025-11-07,GOOGL,278.45172119140625,Alphabet Inc.,Communication Services,1.267,4711453818880,29.662853,0.23
2025-11-10,GOOGL,289.7064208984375,Alphabet Inc.,Communication Services,1.267,4711453818880,29.662853,0.23
2025-11-11,GOOGL,290.914794921875,Alphabet Inc.,Communication Services,1.267,4711453818880,29.662853,0.23
2025-11-12,GOOGL,286.3210144042969,Alphabet Inc.,Communication Services,1.267,4711453818880,29.662853,0.23
2025-11-13,GOOGL,278.19207763671875,Alphabet Inc.,Communication Services,1.267,4711453818880,29.662853,0.23
2025-11-14,GOOGL,276.0350036621094,Alphabet Inc.,Communication Services,1.267,4711453818880,29.662853,0.23
2025-11-17,GOOGL,284.63330078125,Alphabet Inc.,Communication Services,1.267,4711453818880,29.662853,0.23
2025-11-18,GOOGL,283.8943176269531,Alphabet Inc.,Communication Services,1.267,4711453818880,29.662853,0.23
2025-11-19,GOOGL,292.4127502441406,Alphabet Inc.,Communication Services,1.267,4711453818880,29.662853,0.23
2025-11-20,GOOGL,289.05731201171875,Alphabet Inc.,Communication Services,1.267,4711453818880,29.662853,0.23
2025-11-21,GOOGL,299.25347900390625,Alphabet Inc.,Communication Services,1.267,4711453818880,29.662853,0.23
2025-11-24,GOOGL,318.14776611328125,Alphabet Inc.,Communication Services,1.267,4711453818880,29.662853,0.23
2025-11-25,GOOGL,323.0011901855469,Alphabet Inc.,Communication Services,1.267,4711453818880,29.662853,0.23
2025-11-26,GOOGL,319.5159606933594,Alphabet Inc.,Communication Services,1.267,4711453818880,29.662853,0.23
2025-11-28,GOOGL,319.7456359863281,Alphabet Inc.,Communication Services,1.267,4711453818880,29.662853,0.23
2025-12-01,GOOGL,314.46282958984375,Alphabet Inc.,Communication Services,1.267,4711453818880,29.662853,0.23
2025-12-02,GOOGL,315.38153076171875,Alphabet Inc.,Communication Services,1.267,4711453818880,29.662853,0.23
2025-12-03,GOOGL,319.19635009765625,Alphabet Inc.,Communication Services,1.267,4711453818880,29.662853,0.23
2025-12-04,GOOGL,317.1890869140625,Alphabet Inc.,Communication Services,1.267,4711453818880,29.662853,0.23
2025-12-05,GOOGL,320.8341064453125,Alphabet Inc.,Communication Services,1.267,4711453818880,29.662853,0.23
2025-12-08,GOOGL,313.49932861328125,Alphabet Inc.,Communication Services,1.267,4711453818880,29.662853,0.23
2025-12-09,GOOGL,316.85693359375,Alphabet Inc.,Communication Services,1.267,4711453818880,29.662853,0.23
2025-12-10,GOOGL,319.9847412109375,Alphabet Inc.,Communication Services,1.267,4711453818880,29.662853,0.23
2025-12-11,GOOGL,312.210205078125,Alphabet Inc.,Communication Services,1.267,4711453818880,29.662853,0.23
2025-12-12,GOOGL,309.07244873046875,Alphabet Inc.,Communication Services,1.267,4711453818880,29.662853,0.23
2025-12-15,GOOGL,308.003173828125,Alphabet Inc.,Communication Services,1.267,4711453818880,29.662853,0.23
2025-12-16,GOOGL,306.3543395996094,Alphabet Inc.,Communication Services,1.267,4711453818880,29.662853,0.23
2025-12-17,GOOGL,296.5112609863281,Alphabet Inc.,Communication Services,1.267,4711453818880,29.662853,0.23
2025-12-18,GOOGL,302.2472229003906,Alphabet Inc.,Communication Services,1.267,4711453818880,29.662853,0.23
2025-12-19,GOOGL,306.9439392089844,Alphabet Inc.,Communication Services,1.267,4711453818880,29.662853,0.23
2025-12-22,GOOGL,309.56207275390625,Alphabet Inc.,Communication Services,1.267,4711453818880,29.662853,0.23
2025-12-23,GOOGL,314.1288757324219,Alphabet Inc.,Communication Services,1.267,4711453818880,29.662853,0.23
2025-12-24,GOOGL,313.8690490722656,Alphabet Inc.,Communication Services,1.267,4711453818880,29.662853,0.23
2025-12-26,GOOGL,313.2894592285156,Alphabet Inc.,Communication Services,1.267,4711453818880,29.662853,0.23
2025-12-29,GOOGL,313.33941650390625,Alphabet Inc.,Communication Services,1.267,4711453818880,29.662853,0.23
2025-12-30,GOOGL,313.6292419433594,Alphabet Inc.,Communication Services,1.267,4711453818880,29.662853,0.23
2025-12-31,GOOGL,312.7798156738281,Alphabet Inc.,Communication Services,1.267,4711453818880,29.662853,0.23
2026-01-02,GOOGL,314.9283142089844,Alphabet Inc.,Communication Services,1.267,4711453818880,29.662853,0.23
2026-01-05,GOOGL,316.3173522949219,Alphabet Inc.,Communication Services,1.267,4711453818880,29.662853,0.23
2026-01-06,GOOGL,314.1188659667969,Alphabet Inc.,Communication Services,1.267,4711453818880,29.662853,0.23
2026-01-07,GOOGL,321.7535095214844,Alphabet Inc.,Communication Services,1.267,4711453818880,29.662853,0.23
2026-01-08,GOOGL,325.2110595703125,Alphabet Inc.,Communication Services,1.267,4711453818880,29.662853,0.23
2026-01-09,GOOGL,328.3388671875,Alphabet Inc.,Communication Services,1.267,4711453818880,29.662853,0.23
2026-01-12,GOOGL,331.62652587890625,Alphabet Inc.,Communication Services,1.267,4711453818880,29.662853,0.23
2026-01-13,GOOGL,335.7336730957031,Alphabet Inc.,Communication Services,1.267,4711453818880,29.662853,0.23
2026-01-14,GOOGL,335.603759765625,Alphabet Inc.,Communication Services,1.267,4711453818880,29.662853,0.23
2026-01-15,GOOGL,332.5458984375,Alphabet Inc.,Communication Services,1.267,4711453818880,29.662853,0.23
2026-01-16,GOOGL,329.7678527832031,Alphabet Inc.,Communication Services,1.267,4711453818880,29.662853,0.23
2026-01-20,GOOGL,321.77349853515625,Alphabet Inc.,Communication Services,1.267,4711453818880,29.662853,0.23
2026-01-21,GOOGL,328.1490173339844,Alphabet Inc.,Communication Services,1.267,4711453818880,29.662853,0.23
2026-01-22,GOOGL,330.3074951171875,Alphabet Inc.,Communication Services,1.267,4711453818880,29.662853,0.23
2026-01-23,GOOGL,327.6993103027344,Alphabet Inc.,Communication Services,1.267,4711453818880,29.662853,0.23
2026-01-26,GOOGL,333.02557373046875,Alphabet Inc.,Communication Services,1.267,4711453818880,29.662853,0.23
2026-01-27,GOOGL,334.31463623046875,Alphabet Inc.,Communication Services,1.267,4711453818880,29.662853,0.23
2026-01-28,GOOGL,335.7736511230469,Alphabet Inc.,Communication Services,1.267,4711453818880,29.662853,0.23
2026-01-29,GOOGL,338.0120544433594,Alphabet Inc.,Communication Services,1.267,4711453818880,29.662853,0.23
2026-01-30,GOOGL,337.7622375488281,Alphabet Inc.,Communication Services,1.267,4711453818880,29.662853,0.23
2026-02-02,GOOGL,343.4482421875,Alphabet Inc.,Communication Services,1.267,4711453818880,29.662853,0.23
2026-02-03,GOOGL,339.47100830078125,Alphabet Inc.,Communication Services,1.267,4711453818880,29.662853,0.23
2026-02-04,GOOGL,332.80572509765625,Alphabet Inc.,Communication Services,1.267,4711453818880,29.662853,0.23
2026-02-05,GOOGL,331.0169677734375,Alphabet Inc.,Communication Services,1.267,4711453818880,29.662853,0.23
2026-02-06,GOOGL,322.63287353515625,Alphabet Inc.,Communication Services,1.267,4711453818880,29.662853,0.23
2026-02-09,GOOGL,324.09185791015625,Alphabet Inc.,Communication Services,1.267,4711453818880,29.662853,0.23
2026-02-10,GOOGL,318.3558654785156,Alphabet Inc.,Communication Services,1.267,4711453818880,29.662853,0.23
2026-02-11,GOOGL,310.7412414550781,Alphabet Inc.,Communication Services,1.267,4711453818880,29.662853,0.23
2026-02-12,GOOGL,308.7826232910156,Alphabet Inc.,Communication Services,1.267,4711453818880,29.662853,0.23
2026-02-13,GOOGL,305.50494384765625,Alphabet Inc.,Communication Services,1.267,4711453818880,29.662853,0.23
2026-02-17,GOOGL,301.8075256347656,Alphabet Inc.,Communication Services,1.267,4711453818880,29.662853,0.23
2026-02-18,GOOGL,303.1166076660156,Alphabet Inc.,Communication Services,1.267,4711453818880,29.662853,0.23
2026-02-19,GOOGL,302.636962890625,Alphabet Inc.,Communication Services,1.267,4711453818880,29.662853,0.23
2026-02-20,GOOGL,314.7584228515625,Alphabet Inc.,Communication Services,1.267,4711453818880,29.662853,0.23
2026-02-23,GOOGL,311.2708740234375,Alphabet Inc.,Communication Services,1.267,4711453818880,29.662853,0.23
2026-02-24,GOOGL,310.6813049316406,Alphabet Inc.,Communication Services,1.267,4711453818880,29.662853,0.23
2026-02-25,GOOGL,312.67987060546875,Alphabet Inc.,Communication Services,1.267,4711453818880,29.662853,0.23
2026-02-26,GOOGL,307.1637878417969,Alphabet Inc.,Communication Services,1.267,4711453818880,29.662853,0.23
2026-02-27,GOOGL,311.54071044921875,Alphabet Inc.,Communication Services,1.267,4711453818880,29.662853,0.23
2026-03-02,GOOGL,306.3043518066406,Alphabet Inc.,Communication Services,1.267,4711453818880,29.662853,0.23
2026-03-03,GOOGL,303.3664245605469,Alphabet Inc.,Communication Services,1.267,4711453818880,29.662853,0.23
2026-03-04,GOOGL,302.9167785644531,Alphabet Inc.,Communication Services,1.267,4711453818880,29.662853,0.23
2026-03-05,GOOGL,300.6683349609375,Alphabet Inc.,Communication Services,1.267,4711453818880,29.662853,0.23
2026-03-06,GOOGL,298.30999755859375,Alphabet Inc.,Communication Services,1.267,4711453818880,29.662853,0.23
2026-03-09,GOOGL,306.3599853515625,Alphabet Inc.,Communication Services,1.267,4711453818880,29.662853,0.23
2026-03-10,GOOGL,307.0400085449219,Alphabet Inc.,Communication Services,1.267,4711453818880,29.662853,0.23
2026-03-11,GOOGL,308.70001220703125,Alphabet Inc.,Communication Services,1.267,4711453818880,29.662853,0.23
2026-03-12,GOOGL,303.54998779296875,Alphabet Inc.,Communication Services,1.267,4711453818880,29.662853,0.23
2026-03-13,GOOGL,302.2799987792969,Alphabet Inc.,Communication Services,1.267,4711453818880,29.662853,0.23
2026-03-16,GOOGL,305.55999755859375,Alphabet Inc.,Communication Services,1.267,4711453818880,29.662853,0.23
2026-03-17,GOOGL,310.9200134277344,Alphabet Inc.,Communication Services,1.267,4711453818880,29.662853,0.23
2026-03-18,GOOGL,307.69000244140625,Alphabet Inc.,Communication Services,1.267,4711453818880,29.662853,0.23
2026-03-19,GOOGL,307.1300048828125,Alphabet Inc.,Communication Services,1.267,4711453818880,29.662853,0.23
2026-03-20,GOOGL,301.0,Alphabet Inc.,Communication Services,1.267,4711453818880,29.662853,0.23
2026-03-23,GOOGL,302.05999755859375,Alphabet Inc.,Communication Services,1.267,4711453818880,29.662853,0.23
2026-03-24,GOOGL,290.44000244140625,Alphabet Inc.,Communication Services,1.267,4711453818880,29.662853,0.23
2026-03-25,GOOGL,290.92999267578125,Alphabet Inc.,Communication Services,1.267,4711453818880,29.662853,0.23
2026-03-26,GOOGL,280.9200134277344,Alphabet Inc.,Communication Services,1.267,4711453818880,29.662853,0.23
2026-03-27,GOOGL,274.3399963378906,Alphabet Inc.,Communication Services,1.267,4711453818880,29.662853,0.23
2026-03-30,GOOGL,273.5,Alphabet Inc.,Communication Services,1.267,4711453818880,29.662853,0.23
2026-03-31,GOOGL,287.55999755859375,Alphabet Inc.,Communication Services,1.267,4711453818880,29.662853,0.23
2026-04-01,GOOGL,297.3900146484375,Alphabet Inc.,Communication Services,1.267,4711453818880,29.662853,0.23
2026-04-02,GOOGL,295.7699890136719,Alphabet Inc.,Communication Services,1.267,4711453818880,29.662853,0.23
2026-04-06,GOOGL,299.989990234375,Alphabet Inc.,Communication Services,1.267,4711453818880,29.662853,0.23
2026-04-07,GOOGL,305.4599914550781,Alphabet Inc.,Communication Services,1.267,4711453818880,29.662853,0.23
2026-04-08,GOOGL,317.32000732421875,Alphabet Inc.,Communication Services,1.267,4711453818880,29.662853,0.23
2026-04-09,GOOGL,318.489990234375,Alphabet Inc.,Communication Services,1.267,4711453818880,29.662853,0.23
2026-04-10,GOOGL,317.239990234375,Alphabet Inc.,Communication Services,1.267,4711453818880,29.662853,0.23
2026-04-13,GOOGL,321.30999755859375,Alphabet Inc.,Communication Services,1.267,4711453818880,29.662853,0.23
2026-04-14,GOOGL,332.9100036621094,Alphabet Inc.,Communication Services,1.267,4711453818880,29.662853,0.23
2026-04-15,GOOGL,337.1199951171875,Alphabet Inc.,Communication Services,1.267,4711453818880,29.662853,0.23
2026-04-16,GOOGL,336.0199890136719,Alphabet Inc.,Communication Services,1.267,4711453818880,29.662853,0.23
2026-04-17,GOOGL,341.67999267578125,Alphabet Inc.,Communication Services,1.267,4711453818880,29.662853,0.23
2026-04-20,GOOGL,337.4200134277344,Alphabet Inc.,Communication Services,1.267,4711453818880,29.662853,0.23
2026-04-21,GOOGL,332.2900085449219,Alphabet Inc.,Communication Services,1.267,4711453818880,29.662853,0.23
2026-04-22,GOOGL,339.32000732421875,Alphabet Inc.,Communication Services,1.267,4711453818880,29.662853,0.23
2026-04-23,GOOGL,338.8900146484375,Alphabet Inc.,Communication Services,1.267,4711453818880,29.662853,0.23
2026-04-24,GOOGL,344.3999938964844,Alphabet Inc.,Communication Services,1.267,4711453818880,29.662853,0.23
2026-04-27,GOOGL,350.3399963378906,Alphabet Inc.,Communication Services,1.267,4711453818880,29.662853,0.23
2026-04-28,GOOGL,349.7799987792969,Alphabet Inc.,Communication Services,1.267,4711453818880,29.662853,0.23
2026-04-29,GOOGL,349.94000244140625,Alphabet Inc.,Communication Services,1.267,4711453818880,29.662853,0.23
2026-04-30,GOOGL,384.79998779296875,Alphabet Inc.,Communication Services,1.267,4711453818880,29.662853,0.23
2026-05-01,GOOGL,385.69000244140625,Alphabet Inc.,Communication Services,1.267,4711453818880,29.662853,0.23
2026-05-04,GOOGL,383.25,Alphabet Inc.,Communication Services,1.267,4711453818880,29.662853,0.23
2026-05-05,GOOGL,388.42999267578125,Alphabet Inc.,Communication Services,1.267,4711453818880,29.662853,0.23
2026-05-06,GOOGL,398.0400085449219,Alphabet Inc.,Communication Services,1.267,4711453818880,29.662853,0.23
2026-05-07,GOOGL,397.989990234375,Alphabet Inc.,Communication Services,1.267,4711453818880,29.662853,0.23
2026-05-08,GOOGL,400.79998779296875,Alphabet Inc.,Communication Services,1.267,4711453818880,29.662853,0.23
2026-05-11,GOOGL,388.6400146484375,Alphabet Inc.,Communication Services,1.267,4711453818880,29.662853,0.23
2026-05-12,GOOGL,387.3500061035156,Alphabet Inc.,Communication Services,1.267,4711453818880,29.662853,0.23
2026-05-13,GOOGL,402.6199951171875,Alphabet Inc.,Communication Services,1.267,4711453818880,29.662853,0.23
2026-05-14,GOOGL,401.07000732421875,Alphabet Inc.,Communication Services,1.267,4711453818880,29.662853,0.23
2026-05-15,GOOGL,396.7799987792969,Alphabet Inc.,Communication Services,1.267,4711453818880,29.662853,0.23
2026-05-18,GOOGL,396.94000244140625,Alphabet Inc.,Communication Services,1.267,4711453818880,29.662853,0.23
2026-05-19,GOOGL,387.6600036621094,Alphabet Inc.,Communication Services,1.267,4711453818880,29.662853,0.23
2026-05-20,GOOGL,388.9100036621094,Alphabet Inc.,Communication Services,1.267,4711453818880,29.662853,0.23
2026-05-21,GOOGL,387.6600036621094,Alphabet Inc.,Communication Services,1.267,4711453818880,29.662853,0.23
2026-05-22,GOOGL,382.9700012207031,Alphabet Inc.,Communication Services,1.267,4711453818880,29.662853,0.23
2026-05-26,GOOGL,388.8800048828125,Alphabet Inc.,Communication Services,1.267,4711453818880,29.662853,0.23
2025-05-27,JNJ,149.51422119140625,Johnson & Johnson,Healthcare,0.263,554093182976,26.672073,2.33
2025-05-28,JNJ,148.71421813964844,Johnson & Johnson,Healthcare,0.263,554093182976,26.672073,2.33
2025-05-29,JNJ,149.836181640625,Johnson & Johnson,Healthcare,0.263,554093182976,26.672073,2.33
2025-05-30,JNJ,151.42645263671875,Johnson & Johnson,Healthcare,0.263,554093182976,26.672073,2.33
2025-06-02,JNJ,151.61181640625,Johnson & Johnson,Healthcare,0.263,554093182976,26.672073,2.33
2025-06-03,JNJ,150.65570068359375,Johnson & Johnson,Healthcare,0.263,554093182976,26.672073,2.33
2025-06-04,JNJ,149.48495483398438,Johnson & Johnson,Healthcare,0.263,554093182976,26.672073,2.33
2025-06-05,JNJ,149.91421508789062,Johnson & Johnson,Healthcare,0.263,554093182976,26.672073,2.33
2025-06-06,JNJ,151.25082397460938,Johnson & Johnson,Healthcare,0.263,554093182976,26.672073,2.33
2025-06-09,JNJ,151.44593811035156,Johnson & Johnson,Healthcare,0.263,554093182976,26.672073,2.33
2025-06-10,JNJ,152.63623046875,Johnson & Johnson,Healthcare,0.263,554093182976,26.672073,2.33
2025-06-11,JNJ,151.4752197265625,Johnson & Johnson,Healthcare,0.263,554093182976,26.672073,2.33
2025-06-12,JNJ,152.84109497070312,Johnson & Johnson,Healthcare,0.263,554093182976,26.672073,2.33
2025-06-13,JNJ,153.27037048339844,Johnson & Johnson,Healthcare,0.263,554093182976,26.672073,2.33
2025-06-16,JNJ,151.4362030029297,Johnson & Johnson,Healthcare,0.263,554093182976,26.672073,2.33
2025-06-17,JNJ,148.66543579101562,Johnson & Johnson,Healthcare,0.263,554093182976,26.672073,2.33
2025-06-18,JNJ,147.05564880371094,Johnson & Johnson,Healthcare,0.263,554093182976,26.672073,2.33
2025-06-20,JNJ,146.1385498046875,Johnson & Johnson,Healthcare,0.263,554093182976,26.672073,2.33
2025-06-23,JNJ,147.63125610351562,Johnson & Johnson,Healthcare,0.263,554093182976,26.672073,2.33
2025-06-24,JNJ,148.4800567626953,Johnson & Johnson,Healthcare,0.263,554093182976,26.672073,2.33
2025-06-25,JNJ,148.56787109375,Johnson & Johnson,Healthcare,0.263,554093182976,26.672073,2.33
2025-06-26,JNJ,148.304443359375,Johnson & Johnson,Healthcare,0.263,554093182976,26.672073,2.33
2025-06-27,JNJ,148.6947021484375,Johnson & Johnson,Healthcare,0.263,554093182976,26.672073,2.33
2025-06-30,JNJ,149.0264129638672,Johnson & Johnson,Healthcare,0.263,554093182976,26.672073,2.33
2025-07-01,JNJ,152.119140625,Johnson & Johnson,Healthcare,0.263,554093182976,26.672073,2.33
2025-07-02,JNJ,151.76791381835938,Johnson & Johnson,Healthcare,0.263,554093182976,26.672073,2.33
2025-07-03,JNJ,152.20693969726562,Johnson & Johnson,Healthcare,0.263,554093182976,26.672073,2.33
2025-07-07,JNJ,151.48500061035156,Johnson & Johnson,Healthcare,0.263,554093182976,26.672073,2.33
2025-07-08,JNJ,151.9923095703125,Johnson & Johnson,Healthcare,0.263,554093182976,26.672073,2.33
2025-07-09,JNJ,152.47036743164062,Johnson & Johnson,Healthcare,0.263,554093182976,26.672073,2.33
2025-07-10,JNJ,153.84597778320312,Johnson & Johnson,Healthcare,0.263,554093182976,26.672073,2.33
2025-07-11,JNJ,153.0752410888672,Johnson & Johnson,Healthcare,0.263,554093182976,26.672073,2.33
2025-07-14,JNJ,152.99720764160156,Johnson & Johnson,Healthcare,0.263,554093182976,26.672073,2.33
2025-07-15,JNJ,151.38742065429688,Johnson & Johnson,Healthcare,0.263,554093182976,26.672073,2.33
2025-07-16,JNJ,160.76315307617188,Johnson & Johnson,Healthcare,0.263,554093182976,26.672073,2.33
2025-07-17,JNJ,159.0070343017578,Johnson & Johnson,Healthcare,0.263,554093182976,26.672073,2.33
2025-07-18,JNJ,159.70947265625,Johnson & Johnson,Healthcare,0.263,554093182976,26.672073,2.33
2025-07-21,JNJ,160.3533935546875,Johnson & Johnson,Healthcare,0.263,554093182976,26.672073,2.33
2025-07-22,JNJ,163.83636474609375,Johnson & Johnson,Healthcare,0.263,554093182976,26.672073,2.33
2025-07-23,JNJ,164.9778594970703,Johnson & Johnson,Healthcare,0.263,554093182976,26.672073,2.33
2025-07-24,JNJ,165.4266357421875,Johnson & Johnson,Healthcare,0.263,554093182976,26.672073,2.33
2025-07-25,JNJ,164.19735717773438,Johnson & Johnson,Healthcare,0.263,554093182976,26.672073,2.33
2025-07-28,JNJ,162.16806030273438,Johnson & Johnson,Healthcare,0.263,554093182976,26.672073,2.33
2025-07-29,JNJ,164.01197814941406,Johnson & Johnson,Healthcare,0.263,554093182976,26.672073,2.33
2025-07-30,JNJ,163.1826934814453,Johnson & Johnson,Healthcare,0.263,554093182976,26.672073,2.33
2025-07-31,JNJ,160.72413635253906,Johnson & Johnson,Healthcare,0.263,554093182976,26.672073,2.33
2025-08-01,JNJ,163.25100708007812,Johnson & Johnson,Healthcare,0.263,554093182976,26.672073,2.33
2025-08-04,JNJ,166.87054443359375,Johnson & Johnson,Healthcare,0.263,554093182976,26.672073,2.33
2025-08-05,JNJ,166.577880859375,Johnson & Johnson,Healthcare,0.263,554093182976,26.672073,2.33
2025-08-06,JNJ,166.4315185546875,Johnson & Johnson,Healthcare,0.263,554093182976,26.672073,2.33
2025-08-07,JNJ,167.34861755371094,Johnson & Johnson,Healthcare,0.263,554093182976,26.672073,2.33
2025-08-08,JNJ,169.104736328125,Johnson & Johnson,Healthcare,0.263,554093182976,26.672073,2.33
2025-08-11,JNJ,169.58279418945312,Johnson & Johnson,Healthcare,0.263,554093182976,26.672073,2.33
2025-08-12,JNJ,168.56813049316406,Johnson & Johnson,Healthcare,0.263,554093182976,26.672073,2.33
2025-08-13,JNJ,170.16815185546875,Johnson & Johnson,Healthcare,0.263,554093182976,26.672073,2.33
2025-08-14,JNJ,170.46084594726562,Johnson & Johnson,Healthcare,0.263,554093182976,26.672073,2.33
2025-08-15,JNJ,172.33404541015625,Johnson & Johnson,Healthcare,0.263,554093182976,26.672073,2.33
2025-08-18,JNJ,171.95355224609375,Johnson & Johnson,Healthcare,0.263,554093182976,26.672073,2.33
2025-08-19,JNJ,173.4657745361328,Johnson & Johnson,Healthcare,0.263,554093182976,26.672073,2.33
2025-08-20,JNJ,174.4804229736328,Johnson & Johnson,Healthcare,0.263,554093182976,26.672073,2.33
2025-08-21,JNJ,174.56822204589844,Johnson & Johnson,Healthcare,0.263,554093182976,26.672073,2.33
2025-08-22,JNJ,174.91944885253906,Johnson & Johnson,Healthcare,0.263,554093182976,26.672073,2.33
2025-08-25,JNJ,174.0609130859375,Johnson & Johnson,Healthcare,0.263,554093182976,26.672073,2.33
2025-08-26,JNJ,173.4515838623047,Johnson & Johnson,Healthcare,0.263,554093182976,26.672073,2.33
2025-08-27,JNJ,173.7464141845703,Johnson & Johnson,Healthcare,0.263,554093182976,26.672073,2.33
2025-08-28,JNJ,172.42947387695312,Johnson & Johnson,Healthcare,0.263,554093182976,26.672073,2.33
2025-08-29,JNJ,174.11985778808594,Johnson & Johnson,Healthcare,0.263,554093182976,26.672073,2.33
2025-09-02,JNJ,174.99453735351562,Johnson & Johnson,Healthcare,0.263,554093182976,26.672073,2.33
2025-09-03,JNJ,174.93557739257812,Johnson & Johnson,Healthcare,0.263,554093182976,26.672073,2.33
2025-09-04,JNJ,175.6824951171875,Johnson & Johnson,Healthcare,0.263,554093182976,26.672073,2.33
2025-09-05,JNJ,175.35816955566406,Johnson & Johnson,Healthcare,0.263,554093182976,26.672073,2.33
2025-09-08,JNJ,175.06333923339844,Johnson & Johnson,Healthcare,0.263,554093182976,26.672073,2.33
2025-09-09,JNJ,173.9134979248047,Johnson & Johnson,Healthcare,0.263,554093182976,26.672073,2.33
2025-09-10,JNJ,172.7636260986328,Johnson & Johnson,Healthcare,0.263,554093182976,26.672073,2.33
2025-09-11,JNJ,175.42698669433594,Johnson & Johnson,Healthcare,0.263,554093182976,26.672073,2.33
2025-09-12,JNJ,174.99453735351562,Johnson & Johnson,Healthcare,0.263,554093182976,26.672073,2.33
2025-09-15,JNJ,174.3459014892578,Johnson & Johnson,Healthcare,0.263,554093182976,26.672073,2.33
2025-09-16,JNJ,173.42210388183594,Johnson & Johnson,Healthcare,0.263,554093182976,26.672073,2.33
2025-09-17,JNJ,174.14935302734375,Johnson & Johnson,Healthcare,0.263,554093182976,26.672073,2.33
2025-09-18,JNJ,171.16168212890625,Johnson & Johnson,Healthcare,0.263,554093182976,26.672073,2.33
2025-09-19,JNJ,173.15675354003906,Johnson & Johnson,Healthcare,0.263,554093182976,26.672073,2.33
2025-09-22,JNJ,171.21084594726562,Johnson & Johnson,Healthcare,0.263,554093182976,26.672073,2.33
2025-09-23,JNJ,173.54002380371094,Johnson & Johnson,Healthcare,0.263,554093182976,26.672073,2.33
2025-09-24,JNJ,173.64813232421875,Johnson & Johnson,Healthcare,0.263,554093182976,26.672073,2.33
2025-09-25,JNJ,174.67022705078125,Johnson & Johnson,Healthcare,0.263,554093182976,26.672073,2.33
2025-09-26,JNJ,176.61614990234375,Johnson & Johnson,Healthcare,0.263,554093182976,26.672073,2.33
2025-09-29,JNJ,178.49327087402344,Johnson & Johnson,Healthcare,0.263,554093182976,26.672073,2.33
2025-09-30,JNJ,182.22784423828125,Johnson & Johnson,Healthcare,0.263,554093182976,26.672073,2.33
2025-10-01,JNJ,182.84698486328125,Johnson & Johnson,Healthcare,0.263,554093182976,26.672073,2.33
2025-10-02,JNJ,182.7781982421875,Johnson & Johnson,Healthcare,0.263,554093182976,26.672073,2.33
2025-10-03,JNJ,185.3924102783203,Johnson & Johnson,Healthcare,0.263,554093182976,26.672073,2.33
2025-10-06,JNJ,184.92066955566406,Johnson & Johnson,Healthcare,0.263,554093182976,26.672073,2.33
2025-10-07,JNJ,185.6381072998047,Johnson & Johnson,Healthcare,0.263,554093182976,26.672073,2.33
2025-10-08,JNJ,186.42433166503906,Johnson & Johnson,Healthcare,0.263,554093182976,26.672073,2.33
2025-10-09,JNJ,187.79039001464844,Johnson & Johnson,Healthcare,0.263,554093182976,26.672073,2.33
2025-10-10,JNJ,187.43658447265625,Johnson & Johnson,Healthcare,0.263,554093182976,26.672073,2.33
2025-10-13,JNJ,187.61349487304688,Johnson & Johnson,Healthcare,0.263,554093182976,26.672073,2.33
2025-10-14,JNJ,187.56436157226562,Johnson & Johnson,Healthcare,0.263,554093182976,26.672073,2.33
2025-10-15,JNJ,187.87884521484375,Johnson & Johnson,Healthcare,0.263,554093182976,26.672073,2.33
2025-10-16,JNJ,188.81248474121094,Johnson & Johnson,Healthcare,0.263,554093182976,26.672073,2.33
2025-10-17,JNJ,189.8935546875,Johnson & Johnson,Healthcare,0.263,554093182976,26.672073,2.33
2025-10-20,JNJ,190.3849334716797,Johnson & Johnson,Healthcare,0.263,554093182976,26.672073,2.33
2025-10-21,JNJ,188.57662963867188,Johnson & Johnson,Healthcare,0.263,554093182976,26.672073,2.33
2025-10-22,JNJ,189.61837768554688,Johnson & Johnson,Healthcare,0.263,554093182976,26.672073,2.33
2025-10-23,JNJ,189.15647888183594,Johnson & Johnson,Healthcare,0.263,554093182976,26.672073,2.33
2025-10-24,JNJ,187.12210083007812,Johnson & Johnson,Healthcare,0.263,554093182976,26.672073,2.33
2025-10-27,JNJ,187.02383422851562,Johnson & Johnson,Healthcare,0.263,554093182976,26.672073,2.33
2025-10-28,JNJ,183.7118377685547,Johnson & Johnson,Healthcare,0.263,554093182976,26.672073,2.33
2025-10-29,JNJ,183.3875274658203,Johnson & Johnson,Healthcare,0.263,554093182976,26.672073,2.33
2025-10-30,JNJ,185.79534912109375,Johnson & Johnson,Healthcare,0.263,554093182976,26.672073,2.33
2025-10-31,JNJ,185.61843872070312,Johnson & Johnson,Healthcare,0.263,554093182976,26.672073,2.33
2025-11-03,JNJ,183.05337524414062,Johnson & Johnson,Healthcare,0.263,554093182976,26.672073,2.33
2025-11-04,JNJ,183.64305114746094,Johnson & Johnson,Healthcare,0.263,554093182976,26.672073,2.33
2025-11-05,JNJ,182.7978515625,Johnson & Johnson,Healthcare,0.263,554093182976,26.672073,2.33
2025-11-06,JNJ,183.75115966796875,Johnson & Johnson,Healthcare,0.263,554093182976,26.672073,2.33
2025-11-07,JNJ,183.3580322265625,Johnson & Johnson,Healthcare,0.263,554093182976,26.672073,2.33
2025-11-10,JNJ,185.16636657714844,Johnson & Johnson,Healthcare,0.263,554093182976,26.672073,2.33
2025-11-11,JNJ,190.4930419921875,Johnson & Johnson,Healthcare,0.263,554093182976,26.672073,2.33
2025-11-12,JNJ,191.04339599609375,Johnson & Johnson,Healthcare,0.263,554093182976,26.672073,2.33
2025-11-13,JNJ,191.88861083984375,Johnson & Johnson,Healthcare,0.263,554093182976,26.672073,2.33
2025-11-14,JNJ,192.55690002441406,Johnson & Johnson,Healthcare,0.263,554093182976,26.672073,2.33
2025-11-17,JNJ,196.14407348632812,Johnson & Johnson,Healthcare,0.263,554093182976,26.672073,2.33
2025-11-18,JNJ,196.55682373046875,Johnson & Johnson,Healthcare,0.263,554093182976,26.672073,2.33
2025-11-19,JNJ,199.0236053466797,Johnson & Johnson,Healthcare,0.263,554093182976,26.672073,2.33
2025-11-20,JNJ,199.57398986816406,Johnson & Johnson,Healthcare,0.263,554093182976,26.672073,2.33
2025-11-21,JNJ,200.38967895507812,Johnson & Johnson,Healthcare,0.263,554093182976,26.672073,2.33
2025-11-24,JNJ,202.50267028808594,Johnson & Johnson,Healthcare,0.263,554093182976,26.672073,2.33
2025-11-25,JNJ,204.401611328125,Johnson & Johnson,Healthcare,0.263,554093182976,26.672073,2.33
2025-11-26,JNJ,205.28182983398438,Johnson & Johnson,Healthcare,0.263,554093182976,26.672073,2.33
2025-11-28,JNJ,204.64886474609375,Johnson & Johnson,Healthcare,0.263,554093182976,26.672073,2.33
2025-12-01,JNJ,203.08619689941406,Johnson & Johnson,Healthcare,0.263,554093182976,26.672073,2.33
2025-12-02,JNJ,203.1653289794922,Johnson & Johnson,Healthcare,0.263,554093182976,26.672073,2.33
2025-12-03,JNJ,203.07630920410156,Johnson & Johnson,Healthcare,0.263,554093182976,26.672073,2.33
2025-12-04,JNJ,200.25759887695312,Johnson & Johnson,Healthcare,0.263,554093182976,26.672073,2.33
2025-12-05,JNJ,199.713623046875,Johnson & Johnson,Healthcare,0.263,554093182976,26.672073,2.33
2025-12-08,JNJ,199.4070281982422,Johnson & Johnson,Healthcare,0.263,554093182976,26.672073,2.33
2025-12-09,JNJ,197.7652587890625,Johnson & Johnson,Healthcare,0.263,554093182976,26.672073,2.33
2025-12-10,JNJ,204.2730255126953,Johnson & Johnson,Healthcare,0.263,554093182976,26.672073,2.33
2025-12-11,JNJ,207.70494079589844,Johnson & Johnson,Healthcare,0.263,554093182976,26.672073,2.33
2025-12-12,JNJ,209.25772094726562,Johnson & Johnson,Healthcare,0.263,554093182976,26.672073,2.33
2025-12-15,JNJ,211.81927490234375,Johnson & Johnson,Healthcare,0.263,554093182976,26.672073,2.33
2025-12-16,JNJ,207.0027313232422,Johnson & Johnson,Healthcare,0.263,554093182976,26.672073,2.33
2025-12-17,JNJ,208.02142333984375,Johnson & Johnson,Healthcare,0.263,554093182976,26.672073,2.33
2025-12-18,JNJ,206.02359008789062,Johnson & Johnson,Healthcare,0.263,554093182976,26.672073,2.33
2025-12-19,JNJ,204.1049041748047,Johnson & Johnson,Healthcare,0.263,554093182976,26.672073,2.33
2025-12-22,JNJ,205.04446411132812,Johnson & Johnson,Healthcare,0.263,554093182976,26.672073,2.33
2025-12-23,JNJ,203.52137756347656,Johnson & Johnson,Healthcare,0.263,554093182976,26.672073,2.33
2025-12-24,JNJ,205.49942016601562,Johnson & Johnson,Healthcare,0.263,554093182976,26.672073,2.33
2025-12-26,JNJ,205.35107421875,Johnson & Johnson,Healthcare,0.263,554093182976,26.672073,2.33
2025-12-29,JNJ,205.28182983398438,Johnson & Johnson,Healthcare,0.263,554093182976,26.672073,2.33
2025-12-30,JNJ,204.6389617919922,Johnson & Johnson,Healthcare,0.263,554093182976,26.672073,2.33
2025-12-31,JNJ,204.67852783203125,Johnson & Johnson,Healthcare,0.263,554093182976,26.672073,2.33
2026-01-02,JNJ,205.0741424560547,Johnson & Johnson,Healthcare,0.263,554093182976,26.672073,2.33
2026-01-05,JNJ,202.0675048828125,Johnson & Johnson,Healthcare,0.263,554093182976,26.672073,2.33
2026-01-06,JNJ,202.542236328125,Johnson & Johnson,Healthcare,0.263,554093182976,26.672073,2.33
2026-01-07,JNJ,205.2126007080078,Johnson & Johnson,Healthcare,0.263,554093182976,26.672073,2.33
2026-01-08,JNJ,203.49169921875,Johnson & Johnson,Healthcare,0.263,554093182976,26.672073,2.33
2026-01-09,JNJ,202.14663696289062,Johnson & Johnson,Healthcare,0.263,554093182976,26.672073,2.33
2026-01-12,JNJ,207.4181365966797,Johnson & Johnson,Healthcare,0.263,554093182976,26.672073,2.33
2026-01-13,JNJ,211.30499267578125,Johnson & Johnson,Healthcare,0.263,554093182976,26.672073,2.33
2026-01-14,JNJ,216.1511993408203,Johnson & Johnson,Healthcare,0.263,554093182976,26.672073,2.33
2026-01-15,JNJ,217.16001892089844,Johnson & Johnson,Healthcare,0.263,554093182976,26.672073,2.33
2026-01-16,JNJ,216.25999450683594,Johnson & Johnson,Healthcare,0.263,554093182976,26.672073,2.33
2026-01-20,JNJ,215.81494140625,Johnson & Johnson,Healthcare,0.263,554093182976,26.672073,2.33
2026-01-21,JNJ,215.6171417236328,Johnson & Johnson,Healthcare,0.263,554093182976,26.672073,2.33
2026-01-22,JNJ,216.0918731689453,Johnson & Johnson,Healthcare,0.263,554093182976,26.672073,2.33
2026-01-23,JNJ,217.7237548828125,Johnson & Johnson,Healthcare,0.263,554093182976,26.672073,2.33
2026-01-26,JNJ,219.05894470214844,Johnson & Johnson,Healthcare,0.263,554093182976,26.672073,2.33
2026-01-27,JNJ,221.9765625,Johnson & Johnson,Healthcare,0.263,554093182976,26.672073,2.33
2026-01-28,JNJ,225.22056579589844,Johnson & Johnson,Healthcare,0.263,554093182976,26.672073,2.33
2026-01-29,JNJ,224.79527282714844,Johnson & Johnson,Healthcare,0.263,554093182976,26.672073,2.33
2026-01-30,JNJ,224.75570678710938,Johnson & Johnson,Healthcare,0.263,554093182976,26.672073,2.33
2026-02-02,JNJ,228.21731567382812,Johnson & Johnson,Healthcare,0.263,554093182976,26.672073,2.33
2026-02-03,JNJ,230.54151916503906,Johnson & Johnson,Healthcare,0.263,554093182976,26.672073,2.33
2026-02-04,JNJ,231.89646911621094,Johnson & Johnson,Healthcare,0.263,554093182976,26.672073,2.33
2026-02-05,JNJ,235.18002319335938,Johnson & Johnson,Healthcare,0.263,554093182976,26.672073,2.33
2026-02-06,JNJ,237.3558807373047,Johnson & Johnson,Healthcare,0.263,554093182976,26.672073,2.33
2026-02-09,JNJ,236.02069091796875,Johnson & Johnson,Healthcare,0.263,554093182976,26.672073,2.33
2026-02-10,JNJ,235.73390197753906,Johnson & Johnson,Healthcare,0.263,554093182976,26.672073,2.33
2026-02-11,JNJ,238.21633911132812,Johnson & Johnson,Healthcare,0.263,554093182976,26.672073,2.33
2026-02-12,JNJ,241.86582946777344,Johnson & Johnson,Healthcare,0.263,554093182976,26.672073,2.33
2026-02-13,JNJ,240.7779083251953,Johnson & Johnson,Healthcare,0.263,554093182976,26.672073,2.33
2026-02-17,JNJ,240.6592254638672,Johnson & Johnson,Healthcare,0.263,554093182976,26.672073,2.33
2026-02-18,JNJ,242.30101013183594,Johnson & Johnson,Healthcare,0.263,554093182976,26.672073,2.33
2026-02-19,JNJ,244.19993591308594,Johnson & Johnson,Healthcare,0.263,554093182976,26.672073,2.33
2026-02-20,JNJ,239.8284454345703,Johnson & Johnson,Healthcare,0.263,554093182976,26.672073,2.33
2026-02-23,JNJ,243.1416778564453,Johnson & Johnson,Healthcare,0.263,554093182976,26.672073,2.33
2026-02-24,JNJ,244.87173461914062,Johnson & Johnson,Healthcare,0.263,554093182976,26.672073,2.33
2026-02-25,JNJ,243.76808166503906,Johnson & Johnson,Healthcare,0.263,554093182976,26.672073,2.33
2026-02-26,JNJ,242.0778045654297,Johnson & Johnson,Healthcare,0.263,554093182976,26.672073,2.33
2026-02-27,JNJ,247.00942993164062,Johnson & Johnson,Healthcare,0.263,554093182976,26.672073,2.33
2026-03-02,JNJ,247.13868713378906,Johnson & Johnson,Healthcare,0.263,554093182976,26.672073,2.33
2026-03-03,JNJ,245.3390350341797,Johnson & Johnson,Healthcare,0.263,554093182976,26.672073,2.33
2026-03-04,JNJ,243.8973388671875,Johnson & Johnson,Healthcare,0.263,554093182976,26.672073,2.33
2026-03-05,JNJ,238.259765625,Johnson & Johnson,Healthcare,0.263,554093182976,26.672073,2.33
2026-03-06,JNJ,239.0253448486328,Johnson & Johnson,Healthcare,0.263,554093182976,26.672073,2.33
2026-03-09,JNJ,241.20281982421875,Johnson & Johnson,Healthcare,0.263,554093182976,26.672073,2.33
2026-03-10,JNJ,242.31643676757812,Johnson & Johnson,Healthcare,0.263,554093182976,26.672073,2.33
2026-03-11,JNJ,241.6005401611328,Johnson & Johnson,Healthcare,0.263,554093182976,26.672073,2.33
2026-03-12,JNJ,240.6559600830078,Johnson & Johnson,Healthcare,0.263,554093182976,26.672073,2.33
2026-03-13,JNJ,240.13894653320312,Johnson & Johnson,Healthcare,0.263,554093182976,26.672073,2.33
2026-03-16,JNJ,241.7993927001953,Johnson & Johnson,Healthcare,0.263,554093182976,26.672073,2.33
2026-03-17,JNJ,236.74844360351562,Johnson & Johnson,Healthcare,0.263,554093182976,26.672073,2.33
2026-03-18,JNJ,235.92318725585938,Johnson & Johnson,Healthcare,0.263,554093182976,26.672073,2.33
2026-03-19,JNJ,236.24136352539062,Johnson & Johnson,Healthcare,0.263,554093182976,26.672073,2.33
2026-03-20,JNJ,234.02410888671875,Johnson & Johnson,Healthcare,0.263,554093182976,26.672073,2.33
2026-03-23,JNJ,234.07382202148438,Johnson & Johnson,Healthcare,0.263,554093182976,26.672073,2.33
2026-03-24,JNJ,233.9246826171875,Johnson & Johnson,Healthcare,0.263,554093182976,26.672073,2.33
2026-03-25,JNJ,238.5580291748047,Johnson & Johnson,Healthcare,0.263,554093182976,26.672073,2.33
2026-03-26,JNJ,237.8719940185547,Johnson & Johnson,Healthcare,0.263,554093182976,26.672073,2.33
2026-03-27,JNJ,239.07505798339844,Johnson & Johnson,Healthcare,0.263,554093182976,26.672073,2.33
2026-03-30,JNJ,241.10340881347656,Johnson & Johnson,Healthcare,0.263,554093182976,26.672073,2.33
2026-03-31,JNJ,243.04225158691406,Johnson & Johnson,Healthcare,0.263,554093182976,26.672073,2.33
2026-04-01,JNJ,242.7240753173828,Johnson & Johnson,Healthcare,0.263,554093182976,26.672073,2.33
2026-04-02,JNJ,241.65025329589844,Johnson & Johnson,Healthcare,0.263,554093182976,26.672073,2.33
2026-04-06,JNJ,239.5920867919922,Johnson & Johnson,Healthcare,0.263,554093182976,26.672073,2.33
2026-04-07,JNJ,237.04673767089844,Johnson & Johnson,Healthcare,0.263,554093182976,26.672073,2.33
2026-04-08,JNJ,239.9202117919922,Johnson & Johnson,Healthcare,0.263,554093182976,26.672073,2.33
2026-04-09,JNJ,239.93014526367188,Johnson & Johnson,Healthcare,0.263,554093182976,26.672073,2.33
2026-04-10,JNJ,237.09645080566406,Johnson & Johnson,Healthcare,0.263,554093182976,26.672073,2.33
2026-04-13,JNJ,236.59930419921875,Johnson & Johnson,Healthcare,0.263,554093182976,26.672073,2.33
2026-04-14,JNJ,238.72706604003906,Johnson & Johnson,Healthcare,0.263,554093182976,26.672073,2.33
2026-04-15,JNJ,237.30523681640625,Johnson & Johnson,Healthcare,0.263,554093182976,26.672073,2.33
2026-04-16,JNJ,233.1988525390625,Johnson & Johnson,Healthcare,0.263,554093182976,26.672073,2.33
2026-04-17,JNJ,232.84091186523438,Johnson & Johnson,Healthcare,0.263,554093182976,26.672073,2.33
2026-04-20,JNJ,229.37088012695312,Johnson & Johnson,Healthcare,0.263,554093182976,26.672073,2.33
2026-04-21,JNJ,224.8667755126953,Johnson & Johnson,Healthcare,0.263,554093182976,26.672073,2.33
2026-04-22,JNJ,224.80712890625,Johnson & Johnson,Healthcare,0.263,554093182976,26.672073,2.33
2026-04-23,JNJ,229.3311004638672,Johnson & Johnson,Healthcare,0.263,554093182976,26.672073,2.33
2026-04-24,JNJ,226.19911193847656,Johnson & Johnson,Healthcare,0.263,554093182976,26.672073,2.33
2026-04-27,JNJ,224.0514678955078,Johnson & Johnson,Healthcare,0.263,554093182976,26.672073,2.33
2026-04-28,JNJ,226.48745727539062,Johnson & Johnson,Healthcare,0.263,554093182976,26.672073,2.33
2026-04-29,JNJ,226.0499725341797,Johnson & Johnson,Healthcare,0.263,554093182976,26.672073,2.33
2026-04-30,JNJ,228.5356903076172,Johnson & Johnson,Healthcare,0.263,554093182976,26.672073,2.33
2026-05-01,JNJ,225.89088439941406,Johnson & Johnson,Healthcare,0.263,554093182976,26.672073,2.33
2026-05-04,JNJ,222.91798400878906,Johnson & Johnson,Healthcare,0.263,554093182976,26.672073,2.33
2026-05-05,JNJ,224.26026916503906,Johnson & Johnson,Healthcare,0.263,554093182976,26.672073,2.33
2026-05-06,JNJ,223.33558654785156,Johnson & Johnson,Healthcare,0.263,554093182976,26.672073,2.33
2026-05-07,JNJ,221.23764038085938,Johnson & Johnson,Healthcare,0.263,554093182976,26.672073,2.33
2026-05-08,JNJ,220.05445861816406,Johnson & Johnson,Healthcare,0.263,554093182976,26.672073,2.33
2026-05-11,JNJ,220.163818359375,Johnson & Johnson,Healthcare,0.263,554093182976,26.672073,2.33
2026-05-12,JNJ,222.97763061523438,Johnson & Johnson,Healthcare,0.263,554093182976,26.672073,2.33
2026-05-13,JNJ,229.1024169921875,Johnson & Johnson,Healthcare,0.263,554093182976,26.672073,2.33
2026-05-14,JNJ,229.48025512695312,Johnson & Johnson,Healthcare,0.263,554093182976,26.672073,2.33
2026-05-15,JNJ,225.41363525390625,Johnson & Johnson,Healthcare,0.263,554093182976,26.672073,2.33
2026-05-18,JNJ,227.61099243164062,Johnson & Johnson,Healthcare,0.263,554093182976,26.672073,2.33
2026-05-19,JNJ,228.684814453125,Johnson & Johnson,Healthcare,0.263,554093182976,26.672073,2.33
2026-05-20,JNJ,228.0087127685547,Johnson & Johnson,Healthcare,0.263,554093182976,26.672073,2.33
2026-05-21,JNJ,230.40492248535156,Johnson & Johnson,Healthcare,0.263,554093182976,26.672073,2.33
2026-05-22,JNJ,233.0,Johnson & Johnson,Healthcare,0.263,554093182976,26.672073,2.33
2026-05-26,JNJ,230.17999267578125,Johnson & Johnson,Healthcare,0.263,554093182976,26.672073,2.33
2025-05-27,JPM,260.22906494140625,JPMorgan Chase & Co.,Financial Services,1.023,821913255936,14.68358,1.96
2025-05-28,JPM,258.4633483886719,JPMorgan Chase & Co.,Financial Services,1.023,821913255936,14.68358,1.96
2025-05-29,JPM,259.3266296386719,JPMorgan Chase & Co.,Financial Services,1.023,821913255936,14.68358,1.96
2025-05-30,JPM,258.96368408203125,JPMorgan Chase & Co.,Financial Services,1.023,821913255936,14.68358,1.96
2025-06-02,JPM,259.6110534667969,JPMorgan Chase & Co.,Financial Services,1.023,821913255936,14.68358,1.96
2025-06-03,JPM,261.19036865234375,JPMorgan Chase & Co.,Financial Services,1.023,821913255936,14.68358,1.96
2025-06-04,JPM,259.1794738769531,JPMorgan Chase & Co.,Financial Services,1.023,821913255936,14.68358,1.96
2025-06-05,JPM,256.9527893066406,JPMorgan Chase & Co.,Financial Services,1.023,821913255936,14.68358,1.96
2025-06-06,JPM,260.6606750488281,JPMorgan Chase & Co.,Financial Services,1.023,821913255936,14.68358,1.96
2025-06-09,JPM,261.6513977050781,JPMorgan Chase & Co.,Financial Services,1.023,821913255936,14.68358,1.96
2025-06-10,JPM,263.4759216308594,JPMorgan Chase & Co.,Financial Services,1.023,821913255936,14.68358,1.96
2025-06-11,JPM,263.03448486328125,JPMorgan Chase & Co.,Financial Services,1.023,821913255936,14.68358,1.96
2025-06-12,JPM,263.1227722167969,JPMorgan Chase & Co.,Financial Services,1.023,821913255936,14.68358,1.96
2025-06-13,JPM,259.89556884765625,JPMorgan Chase & Co.,Financial Services,1.023,821913255936,14.68358,1.96
2025-06-16,JPM,265.20233154296875,JPMorgan Chase & Co.,Financial Services,1.023,821913255936,14.68358,1.96
2025-06-17,JPM,264.37835693359375,JPMorgan Chase & Co.,Financial Services,1.023,821913255936,14.68358,1.96
2025-06-18,JPM,268.733642578125,JPMorgan Chase & Co.,Financial Services,1.023,821913255936,14.68358,1.96
2025-06-20,JPM,269.7538146972656,JPMorgan Chase & Co.,Financial Services,1.023,821913255936,14.68358,1.96
2025-06-23,JPM,272.9614562988281,JPMorgan Chase & Co.,Financial Services,1.023,821913255936,14.68358,1.96
2025-06-24,JPM,275.8944091796875,JPMorgan Chase & Co.,Financial Services,1.023,821913255936,14.68358,1.96
2025-06-25,JPM,278.6409912109375,JPMorgan Chase & Co.,Financial Services,1.023,821913255936,14.68358,1.96
2025-06-26,JPM,283.24151611328125,JPMorgan Chase & Co.,Financial Services,1.023,821913255936,14.68358,1.96
2025-06-27,JPM,281.63275146484375,JPMorgan Chase & Co.,Financial Services,1.023,821913255936,14.68358,1.96
2025-06-30,JPM,284.37939453125,JPMorgan Chase & Co.,Financial Services,1.023,821913255936,14.68358,1.96
2025-07-01,JPM,284.8698425292969,JPMorgan Chase & Co.,Financial Services,1.023,821913255936,14.68358,1.96
2025-07-02,JPM,286.4295349121094,JPMorgan Chase & Co.,Financial Services,1.023,821913255936,14.68358,1.96
2025-07-03,JPM,291.75201416015625,JPMorgan Chase & Co.,Financial Services,1.023,821913255936,14.68358,1.96
2025-07-07,JPM,287.7798767089844,JPMorgan Chase & Co.,Financial Services,1.023,821913255936,14.68358,1.96
2025-07-08,JPM,278.72174072265625,JPMorgan Chase & Co.,Financial Services,1.023,821913255936,14.68358,1.96
2025-07-09,JPM,279.0963134765625,JPMorgan Chase & Co.,Financial Services,1.023,821913255936,14.68358,1.96
2025-07-10,JPM,284.0540771484375,JPMorgan Chase & Co.,Financial Services,1.023,821913255936,14.68358,1.96
2025-07-11,JPM,282.7431640625,JPMorgan Chase & Co.,Financial Services,1.023,821913255936,14.68358,1.96
2025-07-14,JPM,284.5567932128906,JPMorgan Chase & Co.,Financial Services,1.023,821913255936,14.68358,1.96
2025-07-15,JPM,282.4376220703125,JPMorgan Chase & Co.,Financial Services,1.023,821913255936,14.68358,1.96
2025-07-16,JPM,281.7181396484375,JPMorgan Chase & Co.,Financial Services,1.023,821913255936,14.68358,1.96
2025-07-17,JPM,285.73956298828125,JPMorgan Chase & Co.,Financial Services,1.023,821913255936,14.68358,1.96
2025-07-18,JPM,287.0898742675781,JPMorgan Chase & Co.,Financial Services,1.023,821913255936,14.68358,1.96
2025-07-21,JPM,286.794189453125,JPMorgan Chase & Co.,Financial Services,1.023,821913255936,14.68358,1.96
2025-07-22,JPM,287.24761962890625,JPMorgan Chase & Co.,Financial Services,1.023,821913255936,14.68358,1.96
2025-07-23,JPM,292.5011291503906,JPMorgan Chase & Co.,Financial Services,1.023,821913255936,14.68358,1.96
2025-07-24,JPM,292.2940979003906,JPMorgan Chase & Co.,Financial Services,1.023,821913255936,14.68358,1.96
2025-07-25,JPM,294.33441162109375,JPMorgan Chase & Co.,Financial Services,1.023,821913255936,14.68358,1.96
2025-07-28,JPM,293.9992980957031,JPMorgan Chase & Co.,Financial Services,1.023,821913255936,14.68358,1.96
2025-07-29,JPM,292.7771301269531,JPMorgan Chase & Co.,Financial Services,1.023,821913255936,14.68358,1.96
2025-07-30,JPM,295.3299560546875,JPMorgan Chase & Co.,Financial Services,1.023,821913255936,14.68358,1.96
2025-07-31,JPM,291.9885559082031,JPMorgan Chase & Co.,Financial Services,1.023,821913255936,14.68358,1.96
2025-08-01,JPM,285.2171630859375,JPMorgan Chase & Co.,Financial Services,1.023,821913255936,14.68358,1.96
2025-08-04,JPM,290.0370178222656,JPMorgan Chase & Co.,Financial Services,1.023,821913255936,14.68358,1.96
2025-08-05,JPM,287.1884765625,JPMorgan Chase & Co.,Financial Services,1.023,821913255936,14.68358,1.96
2025-08-06,JPM,287.16876220703125,JPMorgan Chase & Co.,Financial Services,1.023,821913255936,14.68358,1.96
2025-08-07,JPM,282.8220520019531,JPMorgan Chase & Co.,Financial Services,1.023,821913255936,14.68358,1.96
2025-08-08,JPM,284.6159362792969,JPMorgan Chase & Co.,Financial Services,1.023,821913255936,14.68358,1.96
2025-08-11,JPM,285.4044494628906,JPMorgan Chase & Co.,Financial Services,1.023,821913255936,14.68358,1.96
2025-08-12,JPM,288.6472473144531,JPMorgan Chase & Co.,Financial Services,1.023,821913255936,14.68358,1.96
2025-08-13,JPM,286.36053466796875,JPMorgan Chase & Co.,Financial Services,1.023,821913255936,14.68358,1.96
2025-08-14,JPM,289.93841552734375,JPMorgan Chase & Co.,Financial Services,1.023,821913255936,14.68358,1.96
2025-08-15,JPM,286.32110595703125,JPMorgan Chase & Co.,Financial Services,1.023,821913255936,14.68358,1.96
2025-08-18,JPM,287.3461608886719,JPMorgan Chase & Co.,Financial Services,1.023,821913255936,14.68358,1.96
2025-08-19,JPM,286.4886779785156,JPMorgan Chase & Co.,Financial Services,1.023,821913255936,14.68358,1.96
2025-08-20,JPM,288.04595947265625,JPMorgan Chase & Co.,Financial Services,1.023,821913255936,14.68358,1.96
2025-08-21,JPM,287.2870178222656,JPMorgan Chase & Co.,Financial Services,1.023,821913255936,14.68358,1.96
2025-08-22,JPM,291.9885559082031,JPMorgan Chase & Co.,Financial Services,1.023,821913255936,14.68358,1.96
2025-08-25,JPM,290.6678161621094,JPMorgan Chase & Co.,Financial Services,1.023,821913255936,14.68358,1.96
2025-08-26,JPM,294.2851257324219,JPMorgan Chase & Co.,Financial Services,1.023,821913255936,14.68358,1.96
2025-08-27,JPM,294.9849548339844,JPMorgan Chase & Co.,Financial Services,1.023,821913255936,14.68358,1.96
2025-08-28,JPM,296.749267578125,JPMorgan Chase & Co.,Financial Services,1.023,821913255936,14.68358,1.96
2025-08-29,JPM,297.0942687988281,JPMorgan Chase & Co.,Financial Services,1.023,821913255936,14.68358,1.96
2025-09-02,JPM,295.39892578125,JPMorgan Chase & Co.,Financial Services,1.023,821913255936,14.68358,1.96
2025-09-03,JPM,295.211669921875,JPMorgan Chase & Co.,Financial Services,1.023,821913255936,14.68358,1.96
2025-09-04,JPM,299.4598083496094,JPMorgan Chase & Co.,Financial Services,1.023,821913255936,14.68358,1.96
2025-09-05,JPM,290.1552734375,JPMorgan Chase & Co.,Financial Services,1.023,821913255936,14.68358,1.96
2025-09-08,JPM,288.70635986328125,JPMorgan Chase & Co.,Financial Services,1.023,821913255936,14.68358,1.96
2025-09-09,JPM,293.57550048828125,JPMorgan Chase & Co.,Financial Services,1.023,821913255936,14.68358,1.96
2025-09-10,JPM,296.22686767578125,JPMorgan Chase & Co.,Financial Services,1.023,821913255936,14.68358,1.96
2025-09-11,JPM,301.1748046875,JPMorgan Chase & Co.,Financial Services,1.023,821913255936,14.68358,1.96
2025-09-12,JPM,302.5054626464844,JPMorgan Chase & Co.,Financial Services,1.023,821913255936,14.68358,1.96
2025-09-15,JPM,304.46685791015625,JPMorgan Chase & Co.,Financial Services,1.023,821913255936,14.68358,1.96
2025-09-16,JPM,304.75274658203125,JPMorgan Chase & Co.,Financial Services,1.023,821913255936,14.68358,1.96
2025-09-17,JPM,307.2759704589844,JPMorgan Chase & Co.,Financial Services,1.023,821913255936,14.68358,1.96
2025-09-18,JPM,308.73480224609375,JPMorgan Chase & Co.,Financial Services,1.023,821913255936,14.68358,1.96
2025-09-19,JPM,310.26251220703125,JPMorgan Chase & Co.,Financial Services,1.023,821913255936,14.68358,1.96
2025-09-22,JPM,307.9560852050781,JPMorgan Chase & Co.,Financial Services,1.023,821913255936,14.68358,1.96
2025-09-23,JPM,308.2517395019531,JPMorgan Chase & Co.,Financial Services,1.023,821913255936,14.68358,1.96
2025-09-24,JPM,308.92205810546875,JPMorgan Chase & Co.,Financial Services,1.023,821913255936,14.68358,1.96
2025-09-25,JPM,308.95159912109375,JPMorgan Chase & Co.,Financial Services,1.023,821913255936,14.68358,1.96
2025-09-26,JPM,311.52410888671875,JPMorgan Chase & Co.,Financial Services,1.023,821913255936,14.68358,1.96
2025-09-29,JPM,311.159423828125,JPMorgan Chase & Co.,Financial Services,1.023,821913255936,14.68358,1.96
2025-09-30,JPM,310.9031677246094,JPMorgan Chase & Co.,Financial Services,1.023,821913255936,14.68358,1.96
2025-10-01,JPM,306.25091552734375,JPMorgan Chase & Co.,Financial Services,1.023,821913255936,14.68358,1.96
2025-10-02,JPM,303.13623046875,JPMorgan Chase & Co.,Financial Services,1.023,821913255936,14.68358,1.96
2025-10-03,JPM,305.5806579589844,JPMorgan Chase & Co.,Financial Services,1.023,821913255936,14.68358,1.96
2025-10-06,JPM,306.22442626953125,JPMorgan Chase & Co.,Financial Services,1.023,821913255936,14.68358,1.96
2025-10-07,JPM,304.74871826171875,JPMorgan Chase & Co.,Financial Services,1.023,821913255936,14.68358,1.96
2025-10-08,JPM,301.1236572265625,JPMorgan Chase & Co.,Financial Services,1.023,821913255936,14.68358,1.96
2025-10-09,JPM,302.6093444824219,JPMorgan Chase & Co.,Financial Services,1.023,821913255936,14.68358,1.96
2025-10-10,JPM,298.0137023925781,JPMorgan Chase & Co.,Financial Services,1.023,821913255936,14.68358,1.96
2025-10-13,JPM,305.0260314941406,JPMorgan Chase & Co.,Financial Services,1.023,821913255936,14.68358,1.96
2025-10-14,JPM,299.19232177734375,JPMorgan Chase & Co.,Financial Services,1.023,821913255936,14.68358,1.96
2025-10-15,JPM,302.767822265625,JPMorgan Chase & Co.,Financial Services,1.023,821913255936,14.68358,1.96
2025-10-16,JPM,295.6861572265625,JPMorgan Chase & Co.,Financial Services,1.023,821913255936,14.68358,1.96
2025-10-17,JPM,294.7155456542969,JPMorgan Chase & Co.,Financial Services,1.023,821913255936,14.68358,1.96
2025-10-20,JPM,299.4696350097656,JPMorgan Chase & Co.,Financial Services,1.023,821913255936,14.68358,1.96
2025-10-21,JPM,294.25,JPMorgan Chase & Co.,Financial Services,1.023,821913255936,14.68358,1.96
2025-10-22,JPM,291.29852294921875,JPMorgan Chase & Co.,Financial Services,1.023,821913255936,14.68358,1.96
2025-10-23,JPM,291.72442626953125,JPMorgan Chase & Co.,Financial Services,1.023,821913255936,14.68358,1.96
2025-10-24,JPM,297.5679931640625,JPMorgan Chase & Co.,Financial Services,1.023,821913255936,14.68358,1.96
2025-10-27,JPM,301.2425231933594,JPMorgan Chase & Co.,Financial Services,1.023,821913255936,14.68358,1.96
2025-10-28,JPM,302.44097900390625,JPMorgan Chase & Co.,Financial Services,1.023,821913255936,14.68358,1.96
2025-10-29,JPM,302.5895690917969,JPMorgan Chase & Co.,Financial Services,1.023,821913255936,14.68358,1.96
2025-10-30,JPM,306.4819641113281,JPMorgan Chase & Co.,Financial Services,1.023,821913255936,14.68358,1.96
2025-10-31,JPM,308.1459045410156,JPMorgan Chase & Co.,Financial Services,1.023,821913255936,14.68358,1.96
2025-11-03,JPM,306.3928527832031,JPMorgan Chase & Co.,Financial Services,1.023,821913255936,14.68358,1.96
2025-11-04,JPM,306.2937927246094,JPMorgan Chase & Co.,Financial Services,1.023,821913255936,14.68358,1.96
2025-11-05,JPM,308.7005615234375,JPMorgan Chase & Co.,Financial Services,1.023,821913255936,14.68358,1.96
2025-11-06,JPM,310.4239501953125,JPMorgan Chase & Co.,Financial Services,1.023,821913255936,14.68358,1.96
2025-11-07,JPM,311.20635986328125,JPMorgan Chase & Co.,Financial Services,1.023,821913255936,14.68358,1.96
2025-11-10,JPM,313.86077880859375,JPMorgan Chase & Co.,Financial Services,1.023,821913255936,14.68358,1.96
2025-11-11,JPM,312.6029052734375,JPMorgan Chase & Co.,Financial Services,1.023,821913255936,14.68358,1.96
2025-11-12,JPM,317.34710693359375,JPMorgan Chase & Co.,Financial Services,1.023,821913255936,14.68358,1.96
2025-11-13,JPM,306.5216064453125,JPMorgan Chase & Co.,Financial Services,1.023,821913255936,14.68358,1.96
2025-11-14,JPM,300.70770263671875,JPMorgan Chase & Co.,Financial Services,1.023,821913255936,14.68358,1.96
2025-11-17,JPM,297.4986572265625,JPMorgan Chase & Co.,Financial Services,1.023,821913255936,14.68358,1.96
2025-11-18,JPM,296.5478515625,JPMorgan Chase & Co.,Financial Services,1.023,821913255936,14.68358,1.96
2025-11-19,JPM,300.3709411621094,JPMorgan Chase & Co.,Financial Services,1.023,821913255936,14.68358,1.96
2025-11-20,JPM,295.5277099609375,JPMorgan Chase & Co.,Financial Services,1.023,821913255936,14.68358,1.96
2025-11-21,JPM,295.1711120605469,JPMorgan Chase & Co.,Financial Services,1.023,821913255936,14.68358,1.96
2025-11-24,JPM,295.1513366699219,JPMorgan Chase & Co.,Financial Services,1.023,821913255936,14.68358,1.96
2025-11-25,JPM,300.103515625,JPMorgan Chase & Co.,Financial Services,1.023,821913255936,14.68358,1.96
2025-11-26,JPM,304.6991882324219,JPMorgan Chase & Co.,Financial Services,1.023,821913255936,14.68358,1.96
2025-11-28,JPM,310.0871887207031,JPMorgan Chase & Co.,Financial Services,1.023,821913255936,14.68358,1.96
2025-12-01,JPM,305.96697998046875,JPMorgan Chase & Co.,Financial Services,1.023,821913255936,14.68358,1.96
2025-12-02,JPM,304.9368896484375,JPMorgan Chase & Co.,Financial Services,1.023,821913255936,14.68358,1.96
2025-12-03,JPM,309.1462707519531,JPMorgan Chase & Co.,Financial Services,1.023,821913255936,14.68358,1.96
2025-12-04,JPM,313.07830810546875,JPMorgan Chase & Co.,Financial Services,1.023,821913255936,14.68358,1.96
2025-12-05,JPM,312.0284729003906,JPMorgan Chase & Co.,Financial Services,1.023,821913255936,14.68358,1.96
2025-12-08,JPM,312.1968078613281,JPMorgan Chase & Co.,Financial Services,1.023,821913255936,14.68358,1.96
2025-12-09,JPM,297.6373596191406,JPMorgan Chase & Co.,Financial Services,1.023,821913255936,14.68358,1.96
2025-12-10,JPM,307.1455383300781,JPMorgan Chase & Co.,Financial Services,1.023,821913255936,14.68358,1.96
2025-12-11,JPM,314.3460693359375,JPMorgan Chase & Co.,Financial Services,1.023,821913255936,14.68358,1.96
2025-12-12,JPM,315.47515869140625,JPMorgan Chase & Co.,Financial Services,1.023,821913255936,14.68358,1.96
2025-12-15,JPM,316.9608459472656,JPMorgan Chase & Co.,Financial Services,1.023,821913255936,14.68358,1.96
2025-12-16,JPM,312.5335388183594,JPMorgan Chase & Co.,Financial Services,1.023,821913255936,14.68358,1.96
2025-12-17,JPM,311.9690246582031,JPMorgan Chase & Co.,Financial Services,1.023,821913255936,14.68358,1.96
2025-12-18,JPM,310.0079345703125,JPMorgan Chase & Co.,Financial Services,1.023,821913255936,14.68358,1.96
2025-12-19,JPM,314.17767333984375,JPMorgan Chase & Co.,Financial Services,1.023,821913255936,14.68358,1.96
2025-12-22,JPM,320.00146484375,JPMorgan Chase & Co.,Financial Services,1.023,821913255936,14.68358,1.96
2025-12-23,JPM,322.8143310546875,JPMorgan Chase & Co.,Financial Services,1.023,821913255936,14.68358,1.96
2025-12-24,JPM,326.02337646484375,JPMorgan Chase & Co.,Financial Services,1.023,821913255936,14.68358,1.96
2025-12-26,JPM,324.7754211425781,JPMorgan Chase & Co.,Financial Services,1.023,821913255936,14.68358,1.96
2025-12-29,JPM,320.6551818847656,JPMorgan Chase & Co.,Financial Services,1.023,821913255936,14.68358,1.96
2025-12-30,JPM,320.3283386230469,JPMorgan Chase & Co.,Financial Services,1.023,821913255936,14.68358,1.96
2025-12-31,JPM,319.1398010253906,JPMorgan Chase & Co.,Financial Services,1.023,821913255936,14.68358,1.96
2026-01-02,JPM,322.36865234375,JPMorgan Chase & Co.,Financial Services,1.023,821913255936,14.68358,1.96
2026-01-05,JPM,330.8468322753906,JPMorgan Chase & Co.,Financial Services,1.023,821913255936,14.68358,1.96
2026-01-06,JPM,332.90625,JPMorgan Chase & Co.,Financial Services,1.023,821913255936,14.68358,1.96
2026-01-07,JPM,325.3250732421875,JPMorgan Chase & Co.,Financial Services,1.023,821913255936,14.68358,1.96
2026-01-08,JPM,328.11083984375,JPMorgan Chase & Co.,Financial Services,1.023,821913255936,14.68358,1.96
2026-01-09,JPM,327.5138854980469,JPMorgan Chase & Co.,Financial Services,1.023,821913255936,14.68358,1.96
2026-01-12,JPM,322.8377990722656,JPMorgan Chase & Co.,Financial Services,1.023,821913255936,14.68358,1.96
2026-01-13,JPM,309.3169860839844,JPMorgan Chase & Co.,Financial Services,1.023,821913255936,14.68358,1.96
2026-01-14,JPM,306.30242919921875,JPMorgan Chase & Co.,Financial Services,1.023,821913255936,14.68358,1.96
2026-01-15,JPM,307.68536376953125,JPMorgan Chase & Co.,Financial Services,1.023,821913255936,14.68358,1.96
2026-01-16,JPM,310.8789978027344,JPMorgan Chase & Co.,Financial Services,1.023,821913255936,14.68358,1.96
2026-01-20,JPM,301.19854736328125,JPMorgan Chase & Co.,Financial Services,1.023,821913255936,14.68358,1.96
2026-01-21,JPM,300.50213623046875,JPMorgan Chase & Co.,Financial Services,1.023,821913255936,14.68358,1.96
2026-01-22,JPM,302.0840148925781,JPMorgan Chase & Co.,Financial Services,1.023,821913255936,14.68358,1.96
2026-01-23,JPM,296.2041015625,JPMorgan Chase & Co.,Financial Services,1.023,821913255936,14.68358,1.96
2026-01-26,JPM,299.5072021484375,JPMorgan Chase & Co.,Financial Services,1.023,821913255936,14.68358,1.96
2026-01-27,JPM,298.7809143066406,JPMorgan Chase & Co.,Financial Services,1.023,821913255936,14.68358,1.96
2026-01-28,JPM,299.2385559082031,JPMorgan Chase & Co.,Financial Services,1.023,821913255936,14.68358,1.96
2026-01-29,JPM,304.8598327636719,JPMorgan Chase & Co.,Financial Services,1.023,821913255936,14.68358,1.96
2026-01-30,JPM,304.33251953125,JPMorgan Chase & Co.,Financial Services,1.023,821913255936,14.68358,1.96
2026-02-02,JPM,306.5710754394531,JPMorgan Chase & Co.,Financial Services,1.023,821913255936,14.68358,1.96
2026-02-03,JPM,313.24688720703125,JPMorgan Chase & Co.,Financial Services,1.023,821913255936,14.68358,1.96
2026-02-04,JPM,315.654541015625,JPMorgan Chase & Co.,Financial Services,1.023,821913255936,14.68358,1.96
2026-02-05,JPM,308.5807800292969,JPMorgan Chase & Co.,Financial Services,1.023,821913255936,14.68358,1.96
2026-02-06,JPM,320.7584533691406,JPMorgan Chase & Co.,Financial Services,1.023,821913255936,14.68358,1.96
2026-02-09,JPM,320.4599914550781,JPMorgan Chase & Co.,Financial Services,1.023,821913255936,14.68358,1.96
2026-02-10,JPM,316.659423828125,JPMorgan Chase & Co.,Financial Services,1.023,821913255936,14.68358,1.96
2026-02-11,JPM,309.2374267578125,JPMorgan Chase & Co.,Financial Services,1.023,821913255936,14.68358,1.96
2026-02-12,JPM,301.09906005859375,JPMorgan Chase & Co.,Financial Services,1.023,821913255936,14.68358,1.96
2026-02-13,JPM,301.0094909667969,JPMorgan Chase & Co.,Financial Services,1.023,821913255936,14.68358,1.96
2026-02-17,JPM,305.5661926269531,JPMorgan Chase & Co.,Financial Services,1.023,821913255936,14.68358,1.96
2026-02-18,JPM,307.2077941894531,JPMorgan Chase & Co.,Financial Services,1.023,821913255936,14.68358,1.96
2026-02-19,JPM,306.48150634765625,JPMorgan Chase & Co.,Financial Services,1.023,821913255936,14.68358,1.96
2026-02-20,JPM,309.20758056640625,JPMorgan Chase & Co.,Financial Services,1.023,821913255936,14.68358,1.96
2026-02-23,JPM,296.1543884277344,JPMorgan Chase & Co.,Financial Services,1.023,821913255936,14.68358,1.96
2026-02-24,JPM,295.7862243652344,JPMorgan Chase & Co.,Financial Services,1.023,821913255936,14.68358,1.96
2026-02-25,JPM,301.75567626953125,JPMorgan Chase & Co.,Financial Services,1.023,821913255936,14.68358,1.96
2026-02-26,JPM,304.5712890625,JPMorgan Chase & Co.,Financial Services,1.023,821913255936,14.68358,1.96
2026-02-27,JPM,298.7709655761719,JPMorgan Chase & Co.,Financial Services,1.023,821913255936,14.68358,1.96
2026-03-02,JPM,296.044921875,JPMorgan Chase & Co.,Financial Services,1.023,821913255936,14.68358,1.96
2026-03-03,JPM,298.7311706542969,JPMorgan Chase & Co.,Financial Services,1.023,821913255936,14.68358,1.96
2026-03-04,JPM,297.8656311035156,JPMorgan Chase & Co.,Financial Services,1.023,821913255936,14.68358,1.96
2026-03-05,JPM,292.0553283691406,JPMorgan Chase & Co.,Financial Services,1.023,821913255936,14.68358,1.96
2026-03-06,JPM,288.0060729980469,JPMorgan Chase & Co.,Financial Services,1.023,821913255936,14.68358,1.96
2026-03-09,JPM,288.44384765625,JPMorgan Chase & Co.,Financial Services,1.023,821913255936,14.68358,1.96
2026-03-10,JPM,287.2598876953125,JPMorgan Chase & Co.,Financial Services,1.023,821913255936,14.68358,1.96
2026-03-11,JPM,286.0560302734375,JPMorgan Chase & Co.,Financial Services,1.023,821913255936,14.68358,1.96
2026-03-12,JPM,281.44964599609375,JPMorgan Chase & Co.,Financial Services,1.023,821913255936,14.68358,1.96
2026-03-13,JPM,281.996826171875,JPMorgan Chase & Co.,Financial Services,1.023,821913255936,14.68358,1.96
2026-03-16,JPM,284.7029724121094,JPMorgan Chase & Co.,Financial Services,1.023,821913255936,14.68358,1.96
2026-03-17,JPM,285.42926025390625,JPMorgan Chase & Co.,Financial Services,1.023,821913255936,14.68358,1.96
2026-03-18,JPM,286.27490234375,JPMorgan Chase & Co.,Financial Services,1.023,821913255936,14.68358,1.96
2026-03-19,JPM,286.5037536621094,JPMorgan Chase & Co.,Financial Services,1.023,821913255936,14.68358,1.96
2026-03-20,JPM,285.1009216308594,JPMorgan Chase & Co.,Financial Services,1.023,821913255936,14.68358,1.96
2026-03-23,JPM,288.4338684082031,JPMorgan Chase & Co.,Financial Services,1.023,821913255936,14.68358,1.96
2026-03-24,JPM,290.91119384765625,JPMorgan Chase & Co.,Financial Services,1.023,821913255936,14.68358,1.96
2026-03-25,JPM,293.91583251953125,JPMorgan Chase & Co.,Financial Services,1.023,821913255936,14.68358,1.96
2026-03-26,JPM,290.1749572753906,JPMorgan Chase & Co.,Financial Services,1.023,821913255936,14.68358,1.96
2026-03-27,JPM,281.3998718261719,JPMorgan Chase & Co.,Financial Services,1.023,821913255936,14.68358,1.96
2026-03-30,JPM,282.32513427734375,JPMorgan Chase & Co.,Financial Services,1.023,821913255936,14.68358,1.96
2026-03-31,JPM,292.6622314453125,JPMorgan Chase & Co.,Financial Services,1.023,821913255936,14.68358,1.96
2026-04-01,JPM,293.87603759765625,JPMorgan Chase & Co.,Financial Services,1.023,821913255936,14.68358,1.96
2026-04-02,JPM,293.1000061035156,JPMorgan Chase & Co.,Financial Services,1.023,821913255936,14.68358,1.96
2026-04-06,JPM,295.45001220703125,JPMorgan Chase & Co.,Financial Services,1.023,821913255936,14.68358,1.96
2026-04-07,JPM,297.3999938964844,JPMorgan Chase & Co.,Financial Services,1.023,821913255936,14.68358,1.96
2026-04-08,JPM,307.9700012207031,JPMorgan Chase & Co.,Financial Services,1.023,821913255936,14.68358,1.96
2026-04-09,JPM,310.3299865722656,JPMorgan Chase & Co.,Financial Services,1.023,821913255936,14.68358,1.96
2026-04-10,JPM,309.8699951171875,JPMorgan Chase & Co.,Financial Services,1.023,821913255936,14.68358,1.96
2026-04-13,JPM,313.67999267578125,JPMorgan Chase & Co.,Financial Services,1.023,821913255936,14.68358,1.96
2026-04-14,JPM,311.1199951171875,JPMorgan Chase & Co.,Financial Services,1.023,821913255936,14.68358,1.96
2026-04-15,JPM,305.92999267578125,JPMorgan Chase & Co.,Financial Services,1.023,821913255936,14.68358,1.96
2026-04-16,JPM,309.95001220703125,JPMorgan Chase & Co.,Financial Services,1.023,821913255936,14.68358,1.96
2026-04-17,JPM,310.2900085449219,JPMorgan Chase & Co.,Financial Services,1.023,821913255936,14.68358,1.96
2026-04-20,JPM,316.989990234375,JPMorgan Chase & Co.,Financial Services,1.023,821913255936,14.68358,1.96
2026-04-21,JPM,313.0,JPMorgan Chase & Co.,Financial Services,1.023,821913255936,14.68358,1.96
2026-04-22,JPM,313.0199890136719,JPMorgan Chase & Co.,Financial Services,1.023,821913255936,14.68358,1.96
2026-04-23,JPM,311.69000244140625,JPMorgan Chase & Co.,Financial Services,1.023,821913255936,14.68358,1.96
2026-04-24,JPM,308.2799987792969,JPMorgan Chase & Co.,Financial Services,1.023,821913255936,14.68358,1.96
2026-04-27,JPM,311.6300048828125,JPMorgan Chase & Co.,Financial Services,1.023,821913255936,14.68358,1.96
2026-04-28,JPM,311.45001220703125,JPMorgan Chase & Co.,Financial Services,1.023,821913255936,14.68358,1.96
2026-04-29,JPM,309.25,JPMorgan Chase & Co.,Financial Services,1.023,821913255936,14.68358,1.96
2026-04-30,JPM,313.2300109863281,JPMorgan Chase & Co.,Financial Services,1.023,821913255936,14.68358,1.96
2026-05-01,JPM,312.4700012207031,JPMorgan Chase & Co.,Financial Services,1.023,821913255936,14.68358,1.96
2026-05-04,JPM,307.6499938964844,JPMorgan Chase & Co.,Financial Services,1.023,821913255936,14.68358,1.96
2026-05-05,JPM,309.3999938964844,JPMorgan Chase & Co.,Financial Services,1.023,821913255936,14.68358,1.96
2026-05-06,JPM,314.8999938964844,JPMorgan Chase & Co.,Financial Services,1.023,821913255936,14.68358,1.96
2026-05-07,JPM,306.2699890136719,JPMorgan Chase & Co.,Financial Services,1.023,821913255936,14.68358,1.96
2026-05-08,JPM,302.1000061035156,JPMorgan Chase & Co.,Financial Services,1.023,821913255936,14.68358,1.96
2026-05-11,JPM,300.0,JPMorgan Chase & Co.,Financial Services,1.023,821913255936,14.68358,1.96
2026-05-12,JPM,304.8800048828125,JPMorgan Chase & Co.,Financial Services,1.023,821913255936,14.68358,1.96
2026-05-13,JPM,300.25,JPMorgan Chase & Co.,Financial Services,1.023,821913255936,14.68358,1.96
2026-05-14,JPM,299.9100036621094,JPMorgan Chase & Co.,Financial Services,1.023,821913255936,14.68358,1.96
2026-05-15,JPM,297.80999755859375,JPMorgan Chase & Co.,Financial Services,1.023,821913255936,14.68358,1.96
2026-05-18,JPM,300.7300109863281,JPMorgan Chase & Co.,Financial Services,1.023,821913255936,14.68358,1.96
2026-05-19,JPM,295.70001220703125,JPMorgan Chase & Co.,Financial Services,1.023,821913255936,14.68358,1.96
2026-05-20,JPM,301.9800109863281,JPMorgan Chase & Co.,Financial Services,1.023,821913255936,14.68358,1.96
2026-05-21,JPM,303.0,JPMorgan Chase & Co.,Financial Services,1.023,821913255936,14.68358,1.96
2026-05-22,JPM,306.3800048828125,JPMorgan Chase & Co.,Financial Services,1.023,821913255936,14.68358,1.96
2026-05-26,JPM,306.739990234375,JPMorgan Chase & Co.,Financial Services,1.023,821913255936,14.68358,1.96
2025-05-27,MSFT,457.03936767578125,Microsoft Corporation,Technology,1.093,3090451791872,24.74896,0.87
2025-05-28,MSFT,453.7357482910156,Microsoft Corporation,Technology,1.093,3090451791872,24.74896,0.87
2025-05-29,MSFT,455.0453186035156,Microsoft Corporation,Technology,1.093,3090451791872,24.74896,0.87
2025-05-30,MSFT,456.7119445800781,Microsoft Corporation,Technology,1.093,3090451791872,24.74896,0.87
2025-06-02,MSFT,458.3092346191406,Microsoft Corporation,Technology,1.093,3090451791872,24.74896,0.87
2025-06-03,MSFT,459.3013000488281,Microsoft Corporation,Technology,1.093,3090451791872,24.74896,0.87
2025-06-04,MSFT,460.1941833496094,Microsoft Corporation,Technology,1.093,3090451791872,24.74896,0.87
2025-06-05,MSFT,463.9739685058594,Microsoft Corporation,Technology,1.093,3090451791872,24.74896,0.87
2025-06-06,MSFT,466.6525573730469,Microsoft Corporation,Technology,1.093,3090451791872,24.74896,0.87
2025-06-09,MSFT,469.0038146972656,Microsoft Corporation,Technology,1.093,3090451791872,24.74896,0.87
2025-06-10,MSFT,467.18829345703125,Microsoft Corporation,Technology,1.093,3090451791872,24.74896,0.87
2025-06-11,MSFT,468.8748474121094,Microsoft Corporation,Technology,1.093,3090451791872,24.74896,0.87
2025-06-12,MSFT,475.0753173828125,Microsoft Corporation,Technology,1.093,3090451791872,24.74896,0.87
2025-06-13,MSFT,471.1962890625,Microsoft Corporation,Technology,1.093,3090451791872,24.74896,0.87
2025-06-16,MSFT,475.3431701660156,Microsoft Corporation,Technology,1.093,3090451791872,24.74896,0.87
2025-06-17,MSFT,474.2518615722656,Microsoft Corporation,Technology,1.093,3090451791872,24.74896,0.87
2025-06-18,MSFT,476.4344482421875,Microsoft Corporation,Technology,1.093,3090451791872,24.74896,0.87
2025-06-20,MSFT,473.616943359375,Microsoft Corporation,Technology,1.093,3090451791872,24.74896,0.87
2025-06-23,MSFT,482.1488037109375,Microsoft Corporation,Technology,1.093,3090451791872,24.74896,0.87
2025-06-24,MSFT,486.2261962890625,Microsoft Corporation,Technology,1.093,3090451791872,24.74896,0.87
2025-06-25,MSFT,488.3691101074219,Microsoft Corporation,Technology,1.093,3090451791872,24.74896,0.87
2025-06-26,MSFT,493.5080871582031,Microsoft Corporation,Technology,1.093,3090451791872,24.74896,0.87
2025-06-27,MSFT,492.0100402832031,Microsoft Corporation,Technology,1.093,3090451791872,24.74896,0.87
2025-06-30,MSFT,493.4683837890625,Microsoft Corporation,Technology,1.093,3090451791872,24.74896,0.87
2025-07-01,MSFT,488.1508483886719,Microsoft Corporation,Technology,1.093,3090451791872,24.74896,0.87
2025-07-02,MSFT,487.1984558105469,Microsoft Corporation,Technology,1.093,3090451791872,24.74896,0.87
2025-07-03,MSFT,494.8870544433594,Microsoft Corporation,Technology,1.093,3090451791872,24.74896,0.87
2025-07-07,MSFT,493.77593994140625,Microsoft Corporation,Technology,1.093,3090451791872,24.74896,0.87
2025-07-08,MSFT,492.6846618652344,Microsoft Corporation,Technology,1.093,3090451791872,24.74896,0.87
2025-07-09,MSFT,499.52008056640625,Microsoft Corporation,Technology,1.093,3090451791872,24.74896,0.87
2025-07-10,MSFT,497.5061340332031,Microsoft Corporation,Technology,1.093,3090451791872,24.74896,0.87
2025-07-11,MSFT,499.3315734863281,Microsoft Corporation,Technology,1.093,3090451791872,24.74896,0.87
2025-07-14,MSFT,499.0339050292969,Microsoft Corporation,Technology,1.093,3090451791872,24.74896,0.87
2025-07-15,MSFT,501.811767578125,Microsoft Corporation,Technology,1.093,3090451791872,24.74896,0.87
2025-07-16,MSFT,501.6133117675781,Microsoft Corporation,Technology,1.093,3090451791872,24.74896,0.87
2025-07-17,MSFT,507.6451416015625,Microsoft Corporation,Technology,1.093,3090451791872,24.74896,0.87
2025-07-18,MSFT,506.0082092285156,Microsoft Corporation,Technology,1.093,3090451791872,24.74896,0.87
2025-07-21,MSFT,506.0181579589844,Microsoft Corporation,Technology,1.093,3090451791872,24.74896,0.87
2025-07-22,MSFT,501.2660827636719,Microsoft Corporation,Technology,1.093,3090451791872,24.74896,0.87
2025-07-23,MSFT,501.861328125,Microsoft Corporation,Technology,1.093,3090451791872,24.74896,0.87
2025-07-24,MSFT,506.8316650390625,Microsoft Corporation,Technology,1.093,3090451791872,24.74896,0.87
2025-07-25,MSFT,509.6392517089844,Microsoft Corporation,Technology,1.093,3090451791872,24.74896,0.87
2025-07-28,MSFT,508.4388427734375,Microsoft Corporation,Technology,1.093,3090451791872,24.74896,0.87
2025-07-29,MSFT,508.5082702636719,Microsoft Corporation,Technology,1.093,3090451791872,24.74896,0.87
2025-07-30,MSFT,509.1729736328125,Microsoft Corporation,Technology,1.093,3090451791872,24.74896,0.87
2025-07-31,MSFT,529.2723999023438,Microsoft Corporation,Technology,1.093,3090451791872,24.74896,0.87
2025-08-01,MSFT,519.9568481445312,Microsoft Corporation,Technology,1.093,3090451791872,24.74896,0.87
2025-08-04,MSFT,531.3954467773438,Microsoft Corporation,Technology,1.093,3090451791872,24.74896,0.87
2025-08-05,MSFT,523.5679321289062,Microsoft Corporation,Technology,1.093,3090451791872,24.74896,0.87
2025-08-06,MSFT,520.7802124023438,Microsoft Corporation,Technology,1.093,3090451791872,24.74896,0.87
2025-08-07,MSFT,516.7127685546875,Microsoft Corporation,Technology,1.093,3090451791872,24.74896,0.87
2025-08-08,MSFT,517.9031982421875,Microsoft Corporation,Technology,1.093,3090451791872,24.74896,0.87
2025-08-11,MSFT,517.6353149414062,Microsoft Corporation,Technology,1.093,3090451791872,24.74896,0.87
2025-08-12,MSFT,525.046142578125,Microsoft Corporation,Technology,1.093,3090451791872,24.74896,0.87
2025-08-13,MSFT,516.454833984375,Microsoft Corporation,Technology,1.093,3090451791872,24.74896,0.87
2025-08-14,MSFT,518.3397216796875,Microsoft Corporation,Technology,1.093,3090451791872,24.74896,0.87
2025-08-15,MSFT,516.0479736328125,Microsoft Corporation,Technology,1.093,3090451791872,24.74896,0.87
2025-08-18,MSFT,513.0023803710938,Microsoft Corporation,Technology,1.093,3090451791872,24.74896,0.87
2025-08-19,MSFT,505.73040771484375,Microsoft Corporation,Technology,1.093,3090451791872,24.74896,0.87
2025-08-20,MSFT,501.7125549316406,Microsoft Corporation,Technology,1.093,3090451791872,24.74896,0.87
2025-08-21,MSFT,501.06658935546875,Microsoft Corporation,Technology,1.093,3090451791872,24.74896,0.87
2025-08-22,MSFT,504.037841796875,Microsoft Corporation,Technology,1.093,3090451791872,24.74896,0.87
2025-08-25,MSFT,501.0865173339844,Microsoft Corporation,Technology,1.093,3090451791872,24.74896,0.87
2025-08-26,MSFT,498.8804931640625,Microsoft Corporation,Technology,1.093,3090451791872,24.74896,0.87
2025-08-27,MSFT,503.5509033203125,Microsoft Corporation,Technology,1.093,3090451791872,24.74896,0.87
2025-08-28,MSFT,506.43267822265625,Microsoft Corporation,Technology,1.093,3090451791872,24.74896,0.87
2025-08-29,MSFT,503.501220703125,Microsoft Corporation,Technology,1.093,3090451791872,24.74896,0.87
2025-09-02,MSFT,501.9410705566406,Microsoft Corporation,Technology,1.093,3090451791872,24.74896,0.87
2025-09-03,MSFT,502.1696472167969,Microsoft Corporation,Technology,1.093,3090451791872,24.74896,0.87
2025-09-04,MSFT,504.7731628417969,Microsoft Corporation,Technology,1.093,3090451791872,24.74896,0.87
2025-09-05,MSFT,491.8847961425781,Microsoft Corporation,Technology,1.093,3090451791872,24.74896,0.87
2025-09-08,MSFT,495.06463623046875,Microsoft Corporation,Technology,1.093,3090451791872,24.74896,0.87
2025-09-09,MSFT,495.2733154296875,Microsoft Corporation,Technology,1.093,3090451791872,24.74896,0.87
2025-09-10,MSFT,497.2209777832031,Microsoft Corporation,Technology,1.093,3090451791872,24.74896,0.87
2025-09-11,MSFT,497.8569641113281,Microsoft Corporation,Technology,1.093,3090451791872,24.74896,0.87
2025-09-12,MSFT,506.6910095214844,Microsoft Corporation,Technology,1.093,3090451791872,24.74896,0.87
2025-09-15,MSFT,512.1166381835938,Microsoft Corporation,Technology,1.093,3090451791872,24.74896,0.87
2025-09-16,MSFT,505.83642578125,Microsoft Corporation,Technology,1.093,3090451791872,24.74896,0.87
2025-09-17,MSFT,506.81024169921875,Microsoft Corporation,Technology,1.093,3090451791872,24.74896,0.87
2025-09-18,MSFT,505.2501525878906,Microsoft Corporation,Technology,1.093,3090451791872,24.74896,0.87
2025-09-19,MSFT,514.6704711914062,Microsoft Corporation,Technology,1.093,3090451791872,24.74896,0.87
2025-09-22,MSFT,511.21240234375,Microsoft Corporation,Technology,1.093,3090451791872,24.74896,0.87
2025-09-23,MSFT,506.0252685546875,Microsoft Corporation,Technology,1.093,3090451791872,24.74896,0.87
2025-09-24,MSFT,506.9394226074219,Microsoft Corporation,Technology,1.093,3090451791872,24.74896,0.87
2025-09-25,MSFT,503.8390808105469,Microsoft Corporation,Technology,1.093,3090451791872,24.74896,0.87
2025-09-26,MSFT,508.24114990234375,Microsoft Corporation,Technology,1.093,3090451791872,24.74896,0.87
2025-09-29,MSFT,511.36138916015625,Microsoft Corporation,Technology,1.093,3090451791872,24.74896,0.87
2025-09-30,MSFT,514.6903686523438,Microsoft Corporation,Technology,1.093,3090451791872,24.74896,0.87
2025-10-01,MSFT,516.4392700195312,Microsoft Corporation,Technology,1.093,3090451791872,24.74896,0.87
2025-10-02,MSFT,512.4942016601562,Microsoft Corporation,Technology,1.093,3090451791872,24.74896,0.87
2025-10-03,MSFT,514.0940551757812,Microsoft Corporation,Technology,1.093,3090451791872,24.74896,0.87
2025-10-06,MSFT,525.2435302734375,Microsoft Corporation,Technology,1.093,3090451791872,24.74896,0.87
2025-10-07,MSFT,520.682373046875,Microsoft Corporation,Technology,1.093,3090451791872,24.74896,0.87
2025-10-08,MSFT,521.546875,Microsoft Corporation,Technology,1.093,3090451791872,24.74896,0.87
2025-10-09,MSFT,519.1123657226562,Microsoft Corporation,Technology,1.093,3090451791872,24.74896,0.87
2025-10-10,MSFT,507.74432373046875,Microsoft Corporation,Technology,1.093,3090451791872,24.74896,0.87
2025-10-13,MSFT,510.8149108886719,Microsoft Corporation,Technology,1.093,3090451791872,24.74896,0.87
2025-10-14,MSFT,510.3378601074219,Microsoft Corporation,Technology,1.093,3090451791872,24.74896,0.87
2025-10-15,MSFT,510.19879150390625,Microsoft Corporation,Technology,1.093,3090451791872,24.74896,0.87
2025-10-16,MSFT,508.3902282714844,Microsoft Corporation,Technology,1.093,3090451791872,24.74896,0.87
2025-10-17,MSFT,510.3478698730469,Microsoft Corporation,Technology,1.093,3090451791872,24.74896,0.87
2025-10-20,MSFT,513.53759765625,Microsoft Corporation,Technology,1.093,3090451791872,24.74896,0.87
2025-10-21,MSFT,514.4021606445312,Microsoft Corporation,Technology,1.093,3090451791872,24.74896,0.87
2025-10-22,MSFT,517.2639770507812,Microsoft Corporation,Technology,1.093,3090451791872,24.74896,0.87
2025-10-23,MSFT,517.283935546875,Microsoft Corporation,Technology,1.093,3090451791872,24.74896,0.87
2025-10-24,MSFT,520.314697265625,Microsoft Corporation,Technology,1.093,3090451791872,24.74896,0.87
2025-10-27,MSFT,528.1749877929688,Microsoft Corporation,Technology,1.093,3090451791872,24.74896,0.87
2025-10-28,MSFT,538.6585083007812,Microsoft Corporation,Technology,1.093,3090451791872,24.74896,0.87
2025-10-29,MSFT,538.1417846679688,Microsoft Corporation,Technology,1.093,3090451791872,24.74896,0.87
2025-10-30,MSFT,522.451171875,Microsoft Corporation,Technology,1.093,3090451791872,24.74896,0.87
2025-10-31,MSFT,514.5512084960938,Microsoft Corporation,Technology,1.093,3090451791872,24.74896,0.87
2025-11-03,MSFT,513.776123046875,Microsoft Corporation,Technology,1.093,3090451791872,24.74896,0.87
2025-11-04,MSFT,511.0931701660156,Microsoft Corporation,Technology,1.093,3090451791872,24.74896,0.87
2025-11-05,MSFT,503.9682312011719,Microsoft Corporation,Technology,1.093,3090451791872,24.74896,0.87
2025-11-06,MSFT,493.9715576171875,Microsoft Corporation,Technology,1.093,3090451791872,24.74896,0.87
2025-11-07,MSFT,493.6933288574219,Microsoft Corporation,Technology,1.093,3090451791872,24.74896,0.87
2025-11-10,MSFT,502.8155517578125,Microsoft Corporation,Technology,1.093,3090451791872,24.74896,0.87
2025-11-11,MSFT,505.4786682128906,Microsoft Corporation,Technology,1.093,3090451791872,24.74896,0.87
2025-11-12,MSFT,507.9232177734375,Microsoft Corporation,Technology,1.093,3090451791872,24.74896,0.87
2025-11-13,MSFT,500.1225891113281,Microsoft Corporation,Technology,1.093,3090451791872,24.74896,0.87
2025-11-14,MSFT,506.9692687988281,Microsoft Corporation,Technology,1.093,3090451791872,24.74896,0.87
2025-11-17,MSFT,504.2961730957031,Microsoft Corporation,Technology,1.093,3090451791872,24.74896,0.87
2025-11-18,MSFT,490.6824035644531,Microsoft Corporation,Technology,1.093,3090451791872,24.74896,0.87
2025-11-19,MSFT,484.05438232421875,Microsoft Corporation,Technology,1.093,3090451791872,24.74896,0.87
2025-11-20,MSFT,476.3088684082031,Microsoft Corporation,Technology,1.093,3090451791872,24.74896,0.87
2025-11-21,MSFT,470.0268249511719,Microsoft Corporation,Technology,1.093,3090451791872,24.74896,0.87
2025-11-24,MSFT,471.8985290527344,Microsoft Corporation,Technology,1.093,3090451791872,24.74896,0.87
2025-11-25,MSFT,474.8752136230469,Microsoft Corporation,Technology,1.093,3090451791872,24.74896,0.87
2025-11-26,MSFT,483.3475036621094,Microsoft Corporation,Technology,1.093,3090451791872,24.74896,0.87
2025-11-28,MSFT,489.82867431640625,Microsoft Corporation,Technology,1.093,3090451791872,24.74896,0.87
2025-12-01,MSFT,484.5820007324219,Microsoft Corporation,Technology,1.093,3090451791872,24.74896,0.87
2025-12-02,MSFT,487.82757568359375,Microsoft Corporation,Technology,1.093,3090451791872,24.74896,0.87
2025-12-03,MSFT,475.6119689941406,Microsoft Corporation,Technology,1.093,3090451791872,24.74896,0.87
2025-12-04,MSFT,478.7081604003906,Microsoft Corporation,Technology,1.093,3090451791872,24.74896,0.87
2025-12-05,MSFT,481.01788330078125,Microsoft Corporation,Technology,1.093,3090451791872,24.74896,0.87
2025-12-08,MSFT,488.8430480957031,Microsoft Corporation,Technology,1.093,3090451791872,24.74896,0.87
2025-12-09,MSFT,489.8385925292969,Microsoft Corporation,Technology,1.093,3090451791872,24.74896,0.87
2025-12-10,MSFT,476.4382629394531,Microsoft Corporation,Technology,1.093,3090451791872,24.74896,0.87
2025-12-11,MSFT,481.3265075683594,Microsoft Corporation,Technology,1.093,3090451791872,24.74896,0.87
2025-12-12,MSFT,476.4084167480469,Microsoft Corporation,Technology,1.093,3090451791872,24.74896,0.87
2025-12-15,MSFT,472.7148742675781,Microsoft Corporation,Technology,1.093,3090451791872,24.74896,0.87
2025-12-16,MSFT,474.2779235839844,Microsoft Corporation,Technology,1.093,3090451791872,24.74896,0.87
2025-12-17,MSFT,474.00909423828125,Microsoft Corporation,Technology,1.093,3090451791872,24.74896,0.87
2025-12-18,MSFT,481.8342590332031,Microsoft Corporation,Technology,1.093,3090451791872,24.74896,0.87
2025-12-19,MSFT,483.7656555175781,Microsoft Corporation,Technology,1.093,3090451791872,24.74896,0.87
2025-12-22,MSFT,482.7701110839844,Microsoft Corporation,Technology,1.093,3090451791872,24.74896,0.87
2025-12-23,MSFT,484.6915588378906,Microsoft Corporation,Technology,1.093,3090451791872,24.74896,0.87
2025-12-24,MSFT,485.8563232421875,Microsoft Corporation,Technology,1.093,3090451791872,24.74896,0.87
2025-12-26,MSFT,485.5477294921875,Microsoft Corporation,Technology,1.093,3090451791872,24.74896,0.87
2025-12-29,MSFT,484.9404296875,Microsoft Corporation,Technology,1.093,3090451791872,24.74896,0.87
2025-12-30,MSFT,485.3187561035156,Microsoft Corporation,Technology,1.093,3090451791872,24.74896,0.87
2025-12-31,MSFT,481.4758605957031,Microsoft Corporation,Technology,1.093,3090451791872,24.74896,0.87
2026-01-02,MSFT,470.84320068359375,Microsoft Corporation,Technology,1.093,3090451791872,24.74896,0.87
2026-01-05,MSFT,470.75360107421875,Microsoft Corporation,Technology,1.093,3090451791872,24.74896,0.87
2026-01-06,MSFT,476.3885192871094,Microsoft Corporation,Technology,1.093,3090451791872,24.74896,0.87
2026-01-07,MSFT,481.3265075683594,Microsoft Corporation,Technology,1.093,3090451791872,24.74896,0.87
2026-01-08,MSFT,475.9902648925781,Microsoft Corporation,Technology,1.093,3090451791872,24.74896,0.87
2026-01-09,MSFT,477.15509033203125,Microsoft Corporation,Technology,1.093,3090451791872,24.74896,0.87
2026-01-12,MSFT,475.06439208984375,Microsoft Corporation,Technology,1.093,3090451791872,24.74896,0.87
2026-01-13,MSFT,468.5832824707031,Microsoft Corporation,Technology,1.093,3090451791872,24.74896,0.87
2026-01-14,MSFT,457.3433532714844,Microsoft Corporation,Technology,1.093,3090451791872,24.74896,0.87
2026-01-15,MSFT,454.6354064941406,Microsoft Corporation,Technology,1.093,3090451791872,24.74896,0.87
2026-01-16,MSFT,457.8211975097656,Microsoft Corporation,Technology,1.093,3090451791872,24.74896,0.87
2026-01-20,MSFT,452.5048522949219,Microsoft Corporation,Technology,1.093,3090451791872,24.74896,0.87
2026-01-21,MSFT,442.1409912109375,Microsoft Corporation,Technology,1.093,3090451791872,24.74896,0.87
2026-01-22,MSFT,449.1398620605469,Microsoft Corporation,Technology,1.093,3090451791872,24.74896,0.87
2026-01-23,MSFT,463.8841857910156,Microsoft Corporation,Technology,1.093,3090451791872,24.74896,0.87
2026-01-26,MSFT,468.1949768066406,Microsoft Corporation,Technology,1.093,3090451791872,24.74896,0.87
2026-01-27,MSFT,478.4493408203125,Microsoft Corporation,Technology,1.093,3090451791872,24.74896,0.87
2026-01-28,MSFT,479.4946594238281,Microsoft Corporation,Technology,1.093,3090451791872,24.74896,0.87
2026-01-29,MSFT,431.57806396484375,Microsoft Corporation,Technology,1.093,3090451791872,24.74896,0.87
2026-01-30,MSFT,428.3822937011719,Microsoft Corporation,Technology,1.093,3090451791872,24.74896,0.87
2026-02-02,MSFT,421.49298095703125,Microsoft Corporation,Technology,1.093,3090451791872,24.74896,0.87
2026-02-03,MSFT,409.3868713378906,Microsoft Corporation,Technology,1.093,3090451791872,24.74896,0.87
2026-02-04,MSFT,412.35369873046875,Microsoft Corporation,Technology,1.093,3090451791872,24.74896,0.87
2026-02-05,MSFT,391.9246520996094,Microsoft Corporation,Technology,1.093,3090451791872,24.74896,0.87
2026-02-06,MSFT,399.3615417480469,Microsoft Corporation,Technology,1.093,3090451791872,24.74896,0.87
2026-02-09,MSFT,411.76629638671875,Microsoft Corporation,Technology,1.093,3090451791872,24.74896,0.87
2026-02-10,MSFT,411.437744140625,Microsoft Corporation,Technology,1.093,3090451791872,24.74896,0.87
2026-02-11,MSFT,402.5771789550781,Microsoft Corporation,Technology,1.093,3090451791872,24.74896,0.87
2026-02-12,MSFT,400.05841064453125,Microsoft Corporation,Technology,1.093,3090451791872,24.74896,0.87
2026-02-13,MSFT,399.5407409667969,Microsoft Corporation,Technology,1.093,3090451791872,24.74896,0.87
2026-02-17,MSFT,395.1004943847656,Microsoft Corporation,Technology,1.093,3090451791872,24.74896,0.87
2026-02-18,MSFT,397.8283386230469,Microsoft Corporation,Technology,1.093,3090451791872,24.74896,0.87
2026-02-19,MSFT,397.5988464355469,Microsoft Corporation,Technology,1.093,3090451791872,24.74896,0.87
2026-02-20,MSFT,396.37152099609375,Microsoft Corporation,Technology,1.093,3090451791872,24.74896,0.87
2026-02-23,MSFT,383.6390686035156,Microsoft Corporation,Technology,1.093,3090451791872,24.74896,0.87
2026-02-24,MSFT,388.1593017578125,Microsoft Corporation,Technology,1.093,3090451791872,24.74896,0.87
2026-02-25,MSFT,399.7342224121094,Microsoft Corporation,Technology,1.093,3090451791872,24.74896,0.87
2026-02-26,MSFT,400.851806640625,Microsoft Corporation,Technology,1.093,3090451791872,24.74896,0.87
2026-02-27,MSFT,391.8912048339844,Microsoft Corporation,Technology,1.093,3090451791872,24.74896,0.87
2026-03-02,MSFT,397.6886291503906,Microsoft Corporation,Technology,1.093,3090451791872,24.74896,0.87
2026-03-03,MSFT,403.0570068359375,Microsoft Corporation,Technology,1.093,3090451791872,24.74896,0.87
2026-03-04,MSFT,404.32427978515625,Microsoft Corporation,Technology,1.093,3090451791872,24.74896,0.87
2026-03-05,MSFT,409.79241943359375,Microsoft Corporation,Technology,1.093,3090451791872,24.74896,0.87
2026-03-06,MSFT,408.0761413574219,Microsoft Corporation,Technology,1.093,3090451791872,24.74896,0.87
2026-03-09,MSFT,408.5251770019531,Microsoft Corporation,Technology,1.093,3090451791872,24.74896,0.87
2026-03-10,MSFT,404.8830871582031,Microsoft Corporation,Technology,1.093,3090451791872,24.74896,0.87
2026-03-11,MSFT,404.0049743652344,Microsoft Corporation,Technology,1.093,3090451791872,24.74896,0.87
2026-03-12,MSFT,400.9914855957031,Microsoft Corporation,Technology,1.093,3090451791872,24.74896,0.87
2026-03-13,MSFT,394.69512939453125,Microsoft Corporation,Technology,1.093,3090451791872,24.74896,0.87
2026-03-16,MSFT,399.08563232421875,Microsoft Corporation,Technology,1.093,3090451791872,24.74896,0.87
2026-03-17,MSFT,398.5467834472656,Microsoft Corporation,Technology,1.093,3090451791872,24.74896,0.87
2026-03-18,MSFT,390.9432678222656,Microsoft Corporation,Technology,1.093,3090451791872,24.74896,0.87
2026-03-19,MSFT,388.1792297363281,Microsoft Corporation,Technology,1.093,3090451791872,24.74896,0.87
2026-03-20,MSFT,381.0447082519531,Microsoft Corporation,Technology,1.093,3090451791872,24.74896,0.87
2026-03-23,MSFT,382.1722717285156,Microsoft Corporation,Technology,1.093,3090451791872,24.74896,0.87
2026-03-24,MSFT,371.9344177246094,Microsoft Corporation,Technology,1.093,3090451791872,24.74896,0.87
2026-03-25,MSFT,370.2381286621094,Microsoft Corporation,Technology,1.093,3090451791872,24.74896,0.87
2026-03-26,MSFT,365.1790771484375,Microsoft Corporation,Technology,1.093,3090451791872,24.74896,0.87
2026-03-27,MSFT,355.9989318847656,Microsoft Corporation,Technology,1.093,3090451791872,24.74896,0.87
2026-03-30,MSFT,358.1842041015625,Microsoft Corporation,Technology,1.093,3090451791872,24.74896,0.87
2026-03-31,MSFT,369.3699951171875,Microsoft Corporation,Technology,1.093,3090451791872,24.74896,0.87
2026-04-01,MSFT,368.57171630859375,Microsoft Corporation,Technology,1.093,3090451791872,24.74896,0.87
2026-04-02,MSFT,372.6528625488281,Microsoft Corporation,Technology,1.093,3090451791872,24.74896,0.87
2026-04-06,MSFT,372.0741271972656,Microsoft Corporation,Technology,1.093,3090451791872,24.74896,0.87
2026-04-07,MSFT,371.48541259765625,Microsoft Corporation,Technology,1.093,3090451791872,24.74896,0.87
2026-04-08,MSFT,373.52099609375,Microsoft Corporation,Technology,1.093,3090451791872,24.74896,0.87
2026-04-09,MSFT,372.26373291015625,Microsoft Corporation,Technology,1.093,3090451791872,24.74896,0.87
2026-04-10,MSFT,370.0684814453125,Microsoft Corporation,Technology,1.093,3090451791872,24.74896,0.87
2026-04-13,MSFT,383.539306640625,Microsoft Corporation,Technology,1.093,3090451791872,24.74896,0.87
2026-04-14,MSFT,392.2604064941406,Microsoft Corporation,Technology,1.093,3090451791872,24.74896,0.87
2026-04-15,MSFT,410.3312683105469,Microsoft Corporation,Technology,1.093,3090451791872,24.74896,0.87
2026-04-16,MSFT,419.35174560546875,Microsoft Corporation,Technology,1.093,3090451791872,24.74896,0.87
2026-04-17,MSFT,421.87628173828125,Microsoft Corporation,Technology,1.093,3090451791872,24.74896,0.87
2026-04-20,MSFT,417.1664733886719,Microsoft Corporation,Technology,1.093,3090451791872,24.74896,0.87
2026-04-21,MSFT,423.2433166503906,Microsoft Corporation,Technology,1.093,3090451791872,24.74896,0.87
2026-04-22,MSFT,431.984375,Microsoft Corporation,Technology,1.093,3090451791872,24.74896,0.87
2026-04-23,MSFT,414.8514709472656,Microsoft Corporation,Technology,1.093,3090451791872,24.74896,0.87
2026-04-24,MSFT,423.7023010253906,Microsoft Corporation,Technology,1.093,3090451791872,24.74896,0.87
2026-04-27,MSFT,423.9018859863281,Microsoft Corporation,Technology,1.093,3090451791872,24.74896,0.87
2026-04-28,MSFT,428.3222961425781,Microsoft Corporation,Technology,1.093,3090451791872,24.74896,0.87
2026-04-29,MSFT,423.5426330566406,Microsoft Corporation,Technology,1.093,3090451791872,24.74896,0.87
2026-04-30,MSFT,406.8987121582031,Microsoft Corporation,Technology,1.093,3090451791872,24.74896,0.87
2026-05-01,MSFT,413.5443115234375,Microsoft Corporation,Technology,1.093,3090451791872,24.74896,0.87
2026-05-04,MSFT,412.72607421875,Microsoft Corporation,Technology,1.093,3090451791872,24.74896,0.87
2026-05-05,MSFT,410.4909362792969,Microsoft Corporation,Technology,1.093,3090451791872,24.74896,0.87
2026-05-06,MSFT,413.0653381347656,Microsoft Corporation,Technology,1.093,3090451791872,24.74896,0.87
2026-05-07,MSFT,419.8606262207031,Microsoft Corporation,Technology,1.093,3090451791872,24.74896,0.87
2026-05-08,MSFT,414.22283935546875,Microsoft Corporation,Technology,1.093,3090451791872,24.74896,0.87
2026-05-11,MSFT,411.7681579589844,Microsoft Corporation,Technology,1.093,3090451791872,24.74896,0.87
2026-05-12,MSFT,406.8887023925781,Microsoft Corporation,Technology,1.093,3090451791872,24.74896,0.87
2026-05-13,MSFT,404.3342590332031,Microsoft Corporation,Technology,1.093,3090451791872,24.74896,0.87
2026-05-14,MSFT,408.5451354980469,Microsoft Corporation,Technology,1.093,3090451791872,24.74896,0.87
2026-05-15,MSFT,421.0081481933594,Microsoft Corporation,Technology,1.093,3090451791872,24.74896,0.87
2026-05-18,MSFT,422.6246643066406,Microsoft Corporation,Technology,1.093,3090451791872,24.74896,0.87
2026-05-19,MSFT,416.51788330078125,Microsoft Corporation,Technology,1.093,3090451791872,24.74896,0.87
2026-05-20,MSFT,420.1499938964844,Microsoft Corporation,Technology,1.093,3090451791872,24.74896,0.87
2026-05-21,MSFT,419.0899963378906,Microsoft Corporation,Technology,1.093,3090451791872,24.74896,0.87
2026-05-22,MSFT,418.57000732421875,Microsoft Corporation,Technology,1.093,3090451791872,24.74896,0.87
2026-05-26,MSFT,416.0299987792969,Microsoft Corporation,Technology,1.093,3090451791872,24.74896,0.87
2025-05-27,NVDA,135.4680633544922,NVIDIA Corporation,Technology,2.244,5204124106752,32.903522,0.47
2025-05-28,NVDA,134.7782440185547,NVIDIA Corporation,Technology,2.244,5204124106752,32.903522,0.47
2025-05-29,NVDA,139.15721130371094,NVIDIA Corporation,Technology,2.244,5204124106752,32.903522,0.47
2025-05-30,NVDA,135.09817504882812,NVIDIA Corporation,Technology,2.244,5204124106752,32.903522,0.47
2025-06-02,NVDA,137.34764099121094,NVIDIA Corporation,Technology,2.244,5204124106752,32.903522,0.47
2025-06-03,NVDA,141.1867218017578,NVIDIA Corporation,Technology,2.244,5204124106752,32.903522,0.47
2025-06-04,NVDA,141.88656616210938,NVIDIA Corporation,Technology,2.244,5204124106752,32.903522,0.47
2025-06-05,NVDA,139.95701599121094,NVIDIA Corporation,Technology,2.244,5204124106752,32.903522,0.47
2025-06-06,NVDA,141.6865997314453,NVIDIA Corporation,Technology,2.244,5204124106752,32.903522,0.47
2025-06-09,NVDA,142.59640502929688,NVIDIA Corporation,Technology,2.244,5204124106752,32.903522,0.47
2025-06-10,NVDA,143.92608642578125,NVIDIA Corporation,Technology,2.244,5204124106752,32.903522,0.47
2025-06-11,NVDA,142.80625915527344,NVIDIA Corporation,Technology,2.244,5204124106752,32.903522,0.47
2025-06-12,NVDA,144.9759063720703,NVIDIA Corporation,Technology,2.244,5204124106752,32.903522,0.47
2025-06-13,NVDA,141.94639587402344,NVIDIA Corporation,Technology,2.244,5204124106752,32.903522,0.47
2025-06-16,NVDA,144.66595458984375,NVIDIA Corporation,Technology,2.244,5204124106752,32.903522,0.47
2025-06-17,NVDA,144.09603881835938,NVIDIA Corporation,Technology,2.244,5204124106752,32.903522,0.47
2025-06-18,NVDA,145.455810546875,NVIDIA Corporation,Technology,2.244,5204124106752,32.903522,0.47
2025-06-20,NVDA,143.8260955810547,NVIDIA Corporation,Technology,2.244,5204124106752,32.903522,0.47
2025-06-23,NVDA,144.1460418701172,NVIDIA Corporation,Technology,2.244,5204124106752,32.903522,0.47
2025-06-24,NVDA,147.8754119873047,NVIDIA Corporation,Technology,2.244,5204124106752,32.903522,0.47
2025-06-25,NVDA,154.28436279296875,NVIDIA Corporation,Technology,2.244,5204124106752,32.903522,0.47
2025-06-26,NVDA,154.99423217773438,NVIDIA Corporation,Technology,2.244,5204124106752,32.903522,0.47
2025-06-27,NVDA,157.72377014160156,NVIDIA Corporation,Technology,2.244,5204124106752,32.903522,0.47
2025-06-30,NVDA,157.96376037597656,NVIDIA Corporation,Technology,2.244,5204124106752,32.903522,0.47
2025-07-01,NVDA,153.2745361328125,NVIDIA Corporation,Technology,2.244,5204124106752,32.903522,0.47
2025-07-02,NVDA,157.22386169433594,NVIDIA Corporation,Technology,2.244,5204124106752,32.903522,0.47
2025-07-03,NVDA,159.3135223388672,NVIDIA Corporation,Technology,2.244,5204124106752,32.903522,0.47
2025-07-07,NVDA,158.21371459960938,NVIDIA Corporation,Technology,2.244,5204124106752,32.903522,0.47
2025-07-08,NVDA,159.97340393066406,NVIDIA Corporation,Technology,2.244,5204124106752,32.903522,0.47
2025-07-09,NVDA,162.85293579101562,NVIDIA Corporation,Technology,2.244,5204124106752,32.903522,0.47
2025-07-10,NVDA,164.07273864746094,NVIDIA Corporation,Technology,2.244,5204124106752,32.903522,0.47
2025-07-11,NVDA,164.89259338378906,NVIDIA Corporation,Technology,2.244,5204124106752,32.903522,0.47
2025-07-14,NVDA,164.04273986816406,NVIDIA Corporation,Technology,2.244,5204124106752,32.903522,0.47
2025-07-15,NVDA,170.671630859375,NVIDIA Corporation,Technology,2.244,5204124106752,32.903522,0.47
2025-07-16,NVDA,171.34152221679688,NVIDIA Corporation,Technology,2.244,5204124106752,32.903522,0.47
2025-07-17,NVDA,172.97125244140625,NVIDIA Corporation,Technology,2.244,5204124106752,32.903522,0.47
2025-07-18,NVDA,172.38134765625,NVIDIA Corporation,Technology,2.244,5204124106752,32.903522,0.47
2025-07-21,NVDA,171.35153198242188,NVIDIA Corporation,Technology,2.244,5204124106752,32.903522,0.47
2025-07-22,NVDA,167.00225830078125,NVIDIA Corporation,Technology,2.244,5204124106752,32.903522,0.47
2025-07-23,NVDA,170.75161743164062,NVIDIA Corporation,Technology,2.244,5204124106752,32.903522,0.47
2025-07-24,NVDA,173.7111358642578,NVIDIA Corporation,Technology,2.244,5204124106752,32.903522,0.47
2025-07-25,NVDA,173.47117614746094,NVIDIA Corporation,Technology,2.244,5204124106752,32.903522,0.47
2025-07-28,NVDA,176.7206268310547,NVIDIA Corporation,Technology,2.244,5204124106752,32.903522,0.47
2025-07-29,NVDA,175.4808349609375,NVIDIA Corporation,Technology,2.244,5204124106752,32.903522,0.47
2025-07-30,NVDA,179.24021911621094,NVIDIA Corporation,Technology,2.244,5204124106752,32.903522,0.47
2025-07-31,NVDA,177.84043884277344,NVIDIA Corporation,Technology,2.244,5204124106752,32.903522,0.47
2025-08-01,NVDA,173.69113159179688,NVIDIA Corporation,Technology,2.244,5204124106752,32.903522,0.47
2025-08-04,NVDA,179.9700927734375,NVIDIA Corporation,Technology,2.244,5204124106752,32.903522,0.47
2025-08-05,NVDA,178.23037719726562,NVIDIA Corporation,Technology,2.244,5204124106752,32.903522,0.47
2025-08-06,NVDA,179.3901824951172,NVIDIA Corporation,Technology,2.244,5204124106752,32.903522,0.47
2025-08-07,NVDA,180.73997497558594,NVIDIA Corporation,Technology,2.244,5204124106752,32.903522,0.47
2025-08-08,NVDA,182.6696319580078,NVIDIA Corporation,Technology,2.244,5204124106752,32.903522,0.47
2025-08-11,NVDA,182.0297393798828,NVIDIA Corporation,Technology,2.244,5204124106752,32.903522,0.47
2025-08-12,NVDA,183.1295623779297,NVIDIA Corporation,Technology,2.244,5204124106752,32.903522,0.47
2025-08-13,NVDA,181.55982971191406,NVIDIA Corporation,Technology,2.244,5204124106752,32.903522,0.47
2025-08-14,NVDA,181.98974609375,NVIDIA Corporation,Technology,2.244,5204124106752,32.903522,0.47
2025-08-15,NVDA,180.42001342773438,NVIDIA Corporation,Technology,2.244,5204124106752,32.903522,0.47
2025-08-18,NVDA,181.979736328125,NVIDIA Corporation,Technology,2.244,5204124106752,32.903522,0.47
2025-08-19,NVDA,175.61080932617188,NVIDIA Corporation,Technology,2.244,5204124106752,32.903522,0.47
2025-08-20,NVDA,175.370849609375,NVIDIA Corporation,Technology,2.244,5204124106752,32.903522,0.47
2025-08-21,NVDA,174.95091247558594,NVIDIA Corporation,Technology,2.244,5204124106752,32.903522,0.47
2025-08-22,NVDA,177.96043395996094,NVIDIA Corporation,Technology,2.244,5204124106752,32.903522,0.47
2025-08-25,NVDA,179.78012084960938,NVIDIA Corporation,Technology,2.244,5204124106752,32.903522,0.47
2025-08-26,NVDA,181.7397918701172,NVIDIA Corporation,Technology,2.244,5204124106752,32.903522,0.47
2025-08-27,NVDA,181.56982421875,NVIDIA Corporation,Technology,2.244,5204124106752,32.903522,0.47
2025-08-28,NVDA,180.1400604248047,NVIDIA Corporation,Technology,2.244,5204124106752,32.903522,0.47
2025-08-29,NVDA,174.1510467529297,NVIDIA Corporation,Technology,2.244,5204124106752,32.903522,0.47
2025-09-02,NVDA,170.75161743164062,NVIDIA Corporation,Technology,2.244,5204124106752,32.903522,0.47
2025-09-03,NVDA,170.59165954589844,NVIDIA Corporation,Technology,2.244,5204124106752,32.903522,0.47
2025-09-04,NVDA,171.63148498535156,NVIDIA Corporation,Technology,2.244,5204124106752,32.903522,0.47
2025-09-05,NVDA,166.9922637939453,NVIDIA Corporation,Technology,2.244,5204124106752,32.903522,0.47
2025-09-08,NVDA,168.2820281982422,NVIDIA Corporation,Technology,2.244,5204124106752,32.903522,0.47
2025-09-09,NVDA,170.7316131591797,NVIDIA Corporation,Technology,2.244,5204124106752,32.903522,0.47
2025-09-10,NVDA,177.300537109375,NVIDIA Corporation,Technology,2.244,5204124106752,32.903522,0.47
2025-09-11,NVDA,177.1505584716797,NVIDIA Corporation,Technology,2.244,5204124106752,32.903522,0.47
2025-09-12,NVDA,177.80047607421875,NVIDIA Corporation,Technology,2.244,5204124106752,32.903522,0.47
2025-09-15,NVDA,177.73049926757812,NVIDIA Corporation,Technology,2.244,5204124106752,32.903522,0.47
2025-09-16,NVDA,174.86080932617188,NVIDIA Corporation,Technology,2.244,5204124106752,32.903522,0.47
2025-09-17,NVDA,170.27130126953125,NVIDIA Corporation,Technology,2.244,5204124106752,32.903522,0.47
2025-09-18,NVDA,176.2206573486328,NVIDIA Corporation,Technology,2.244,5204124106752,32.903522,0.47
2025-09-19,NVDA,176.6505889892578,NVIDIA Corporation,Technology,2.244,5204124106752,32.903522,0.47
2025-09-22,NVDA,183.58984375,NVIDIA Corporation,Technology,2.244,5204124106752,32.903522,0.47
2025-09-23,NVDA,178.410400390625,NVIDIA Corporation,Technology,2.244,5204124106752,32.903522,0.47
2025-09-24,NVDA,176.9505615234375,NVIDIA Corporation,Technology,2.244,5204124106752,32.903522,0.47
2025-09-25,NVDA,177.67050170898438,NVIDIA Corporation,Technology,2.244,5204124106752,32.903522,0.47
2025-09-26,NVDA,178.17044067382812,NVIDIA Corporation,Technology,2.244,5204124106752,32.903522,0.47
2025-09-29,NVDA,181.83004760742188,NVIDIA Corporation,Technology,2.244,5204124106752,32.903522,0.47
2025-09-30,NVDA,186.55950927734375,NVIDIA Corporation,Technology,2.244,5204124106752,32.903522,0.47
2025-10-01,NVDA,187.21945190429688,NVIDIA Corporation,Technology,2.244,5204124106752,32.903522,0.47
2025-10-02,NVDA,188.8692626953125,NVIDIA Corporation,Technology,2.244,5204124106752,32.903522,0.47
2025-10-03,NVDA,187.5994110107422,NVIDIA Corporation,Technology,2.244,5204124106752,32.903522,0.47
2025-10-06,NVDA,185.51962280273438,NVIDIA Corporation,Technology,2.244,5204124106752,32.903522,0.47
2025-10-07,NVDA,185.01968383789062,NVIDIA Corporation,Technology,2.244,5204124106752,32.903522,0.47
2025-10-08,NVDA,189.0892333984375,NVIDIA Corporation,Technology,2.244,5204124106752,32.903522,0.47
2025-10-09,NVDA,192.54885864257812,NVIDIA Corporation,Technology,2.244,5204124106752,32.903522,0.47
2025-10-10,NVDA,183.139892578125,NVIDIA Corporation,Technology,2.244,5204124106752,32.903522,0.47
2025-10-13,NVDA,188.29933166503906,NVIDIA Corporation,Technology,2.244,5204124106752,32.903522,0.47
2025-10-14,NVDA,180.01022338867188,NVIDIA Corporation,Technology,2.244,5204124106752,32.903522,0.47
2025-10-15,NVDA,179.8102569580078,NVIDIA Corporation,Technology,2.244,5204124106752,32.903522,0.47
2025-10-16,NVDA,181.7900390625,NVIDIA Corporation,Technology,2.244,5204124106752,32.903522,0.47
2025-10-17,NVDA,183.19989013671875,NVIDIA Corporation,Technology,2.244,5204124106752,32.903522,0.47
2025-10-20,NVDA,182.6199493408203,NVIDIA Corporation,Technology,2.244,5204124106752,32.903522,0.47
2025-10-21,NVDA,181.14010620117188,NVIDIA Corporation,Technology,2.244,5204124106752,32.903522,0.47
2025-10-22,NVDA,180.2602081298828,NVIDIA Corporation,Technology,2.244,5204124106752,32.903522,0.47
2025-10-23,NVDA,182.13999938964844,NVIDIA Corporation,Technology,2.244,5204124106752,32.903522,0.47
2025-10-24,NVDA,186.23953247070312,NVIDIA Corporation,Technology,2.244,5204124106752,32.903522,0.47
2025-10-27,NVDA,191.46897888183594,NVIDIA Corporation,Technology,2.244,5204124106752,32.903522,0.47
2025-10-28,NVDA,201.0079345703125,NVIDIA Corporation,Technology,2.244,5204124106752,32.903522,0.47
2025-10-29,NVDA,207.01727294921875,NVIDIA Corporation,Technology,2.244,5204124106752,32.903522,0.47
2025-10-30,NVDA,202.8677215576172,NVIDIA Corporation,Technology,2.244,5204124106752,32.903522,0.47
2025-10-31,NVDA,202.4677734375,NVIDIA Corporation,Technology,2.244,5204124106752,32.903522,0.47
2025-11-03,NVDA,206.85728454589844,NVIDIA Corporation,Technology,2.244,5204124106752,32.903522,0.47
2025-11-04,NVDA,198.66818237304688,NVIDIA Corporation,Technology,2.244,5204124106752,32.903522,0.47
2025-11-05,NVDA,195.18858337402344,NVIDIA Corporation,Technology,2.244,5204124106752,32.903522,0.47
2025-11-06,NVDA,188.05935668945312,NVIDIA Corporation,Technology,2.244,5204124106752,32.903522,0.47
2025-11-07,NVDA,188.1293487548828,NVIDIA Corporation,Technology,2.244,5204124106752,32.903522,0.47
2025-11-10,NVDA,199.0281524658203,NVIDIA Corporation,Technology,2.244,5204124106752,32.903522,0.47
2025-11-11,NVDA,193.1387939453125,NVIDIA Corporation,Technology,2.244,5204124106752,32.903522,0.47
2025-11-12,NVDA,193.7787322998047,NVIDIA Corporation,Technology,2.244,5204124106752,32.903522,0.47
2025-11-13,NVDA,186.8394775390625,NVIDIA Corporation,Technology,2.244,5204124106752,32.903522,0.47
2025-11-14,NVDA,190.14910888671875,NVIDIA Corporation,Technology,2.244,5204124106752,32.903522,0.47
2025-11-17,NVDA,186.5795135498047,NVIDIA Corporation,Technology,2.244,5204124106752,32.903522,0.47
2025-11-18,NVDA,181.340087890625,NVIDIA Corporation,Technology,2.244,5204124106752,32.903522,0.47
2025-11-19,NVDA,186.49952697753906,NVIDIA Corporation,Technology,2.244,5204124106752,32.903522,0.47
2025-11-20,NVDA,180.6201629638672,NVIDIA Corporation,Technology,2.244,5204124106752,32.903522,0.47
2025-11-21,NVDA,178.86036682128906,NVIDIA Corporation,Technology,2.244,5204124106752,32.903522,0.47
2025-11-24,NVDA,182.52996826171875,NVIDIA Corporation,Technology,2.244,5204124106752,32.903522,0.47
2025-11-25,NVDA,177.80047607421875,NVIDIA Corporation,Technology,2.244,5204124106752,32.903522,0.47
2025-11-26,NVDA,180.24020385742188,NVIDIA Corporation,Technology,2.244,5204124106752,32.903522,0.47
2025-11-28,NVDA,176.98056030273438,NVIDIA Corporation,Technology,2.244,5204124106752,32.903522,0.47
2025-12-01,NVDA,179.90025329589844,NVIDIA Corporation,Technology,2.244,5204124106752,32.903522,0.47
2025-12-02,NVDA,181.44007873535156,NVIDIA Corporation,Technology,2.244,5204124106752,32.903522,0.47
2025-12-03,NVDA,179.57028198242188,NVIDIA Corporation,Technology,2.244,5204124106752,32.903522,0.47
2025-12-04,NVDA,183.37008666992188,NVIDIA Corporation,Technology,2.244,5204124106752,32.903522,0.47
2025-12-05,NVDA,182.40013122558594,NVIDIA Corporation,Technology,2.244,5204124106752,32.903522,0.47
2025-12-08,NVDA,185.5399627685547,NVIDIA Corporation,Technology,2.244,5204124106752,32.903522,0.47
2025-12-09,NVDA,184.95999145507812,NVIDIA Corporation,Technology,2.244,5204124106752,32.903522,0.47
2025-12-10,NVDA,183.77005004882812,NVIDIA Corporation,Technology,2.244,5204124106752,32.903522,0.47
2025-12-11,NVDA,180.92019653320312,NVIDIA Corporation,Technology,2.244,5204124106752,32.903522,0.47
2025-12-12,NVDA,175.01052856445312,NVIDIA Corporation,Technology,2.244,5204124106752,32.903522,0.47
2025-12-15,NVDA,176.28045654296875,NVIDIA Corporation,Technology,2.244,5204124106752,32.903522,0.47
2025-12-16,NVDA,177.71038818359375,NVIDIA Corporation,Technology,2.244,5204124106752,32.903522,0.47
2025-12-17,NVDA,170.93075561523438,NVIDIA Corporation,Technology,2.244,5204124106752,32.903522,0.47
2025-12-18,NVDA,174.1305694580078,NVIDIA Corporation,Technology,2.244,5204124106752,32.903522,0.47
2025-12-19,NVDA,180.98020935058594,NVIDIA Corporation,Technology,2.244,5204124106752,32.903522,0.47
2025-12-22,NVDA,183.6800537109375,NVIDIA Corporation,Technology,2.244,5204124106752,32.903522,0.47
2025-12-23,NVDA,189.19976806640625,NVIDIA Corporation,Technology,2.244,5204124106752,32.903522,0.47
2025-12-24,NVDA,188.59979248046875,NVIDIA Corporation,Technology,2.244,5204124106752,32.903522,0.47
2025-12-26,NVDA,190.51968383789062,NVIDIA Corporation,Technology,2.244,5204124106752,32.903522,0.47
2025-12-29,NVDA,188.20980834960938,NVIDIA Corporation,Technology,2.244,5204124106752,32.903522,0.47
2025-12-30,NVDA,187.52984619140625,NVIDIA Corporation,Technology,2.244,5204124106752,32.903522,0.47
2025-12-31,NVDA,186.4899139404297,NVIDIA Corporation,Technology,2.244,5204124106752,32.903522,0.47
2026-01-02,NVDA,188.83978271484375,NVIDIA Corporation,Technology,2.244,5204124106752,32.903522,0.47
2026-01-05,NVDA,188.1098175048828,NVIDIA Corporation,Technology,2.244,5204124106752,32.903522,0.47
2026-01-06,NVDA,187.22987365722656,NVIDIA Corporation,Technology,2.244,5204124106752,32.903522,0.47
2026-01-07,NVDA,189.09976196289062,NVIDIA Corporation,Technology,2.244,5204124106752,32.903522,0.47
2026-01-08,NVDA,185.0299835205078,NVIDIA Corporation,Technology,2.244,5204124106752,32.903522,0.47
2026-01-09,NVDA,184.84999084472656,NVIDIA Corporation,Technology,2.244,5204124106752,32.903522,0.47
2026-01-12,NVDA,184.92999267578125,NVIDIA Corporation,Technology,2.244,5204124106752,32.903522,0.47
2026-01-13,NVDA,185.79994201660156,NVIDIA Corporation,Technology,2.244,5204124106752,32.903522,0.47
2026-01-14,NVDA,183.1300811767578,NVIDIA Corporation,Technology,2.244,5204124106752,32.903522,0.47
2026-01-15,NVDA,187.03988647460938,NVIDIA Corporation,Technology,2.244,5204124106752,32.903522,0.47
2026-01-16,NVDA,186.21990966796875,NVIDIA Corporation,Technology,2.244,5204124106752,32.903522,0.47
2026-01-20,NVDA,178.06036376953125,NVIDIA Corporation,Technology,2.244,5204124106752,32.903522,0.47
2026-01-21,NVDA,183.31008911132812,NVIDIA Corporation,Technology,2.244,5204124106752,32.903522,0.47
2026-01-22,NVDA,184.82998657226562,NVIDIA Corporation,Technology,2.244,5204124106752,32.903522,0.47
2026-01-23,NVDA,187.6598358154297,NVIDIA Corporation,Technology,2.244,5204124106752,32.903522,0.47
2026-01-26,NVDA,186.4599151611328,NVIDIA Corporation,Technology,2.244,5204124106752,32.903522,0.47
2026-01-27,NVDA,188.50979614257812,NVIDIA Corporation,Technology,2.244,5204124106752,32.903522,0.47
2026-01-28,NVDA,191.5096435546875,NVIDIA Corporation,Technology,2.244,5204124106752,32.903522,0.47
2026-01-29,NVDA,192.49957275390625,NVIDIA Corporation,Technology,2.244,5204124106752,32.903522,0.47
2026-01-30,NVDA,191.11965942382812,NVIDIA Corporation,Technology,2.244,5204124106752,32.903522,0.47
2026-02-02,NVDA,185.59996032714844,NVIDIA Corporation,Technology,2.244,5204124106752,32.903522,0.47
2026-02-03,NVDA,180.33023071289062,NVIDIA Corporation,Technology,2.244,5204124106752,32.903522,0.47
2026-02-04,NVDA,174.18057250976562,NVIDIA Corporation,Technology,2.244,5204124106752,32.903522,0.47
2026-02-05,NVDA,171.87069702148438,NVIDIA Corporation,Technology,2.244,5204124106752,32.903522,0.47
2026-02-06,NVDA,185.39996337890625,NVIDIA Corporation,Technology,2.244,5204124106752,32.903522,0.47
2026-02-09,NVDA,190.0297088623047,NVIDIA Corporation,Technology,2.244,5204124106752,32.903522,0.47
2026-02-10,NVDA,188.52978515625,NVIDIA Corporation,Technology,2.244,5204124106752,32.903522,0.47
2026-02-11,NVDA,190.0397186279297,NVIDIA Corporation,Technology,2.244,5204124106752,32.903522,0.47
2026-02-12,NVDA,186.9298858642578,NVIDIA Corporation,Technology,2.244,5204124106752,32.903522,0.47
2026-02-13,NVDA,182.80010986328125,NVIDIA Corporation,Technology,2.244,5204124106752,32.903522,0.47
2026-02-17,NVDA,184.95999145507812,NVIDIA Corporation,Technology,2.244,5204124106752,32.903522,0.47
2026-02-18,NVDA,187.96981811523438,NVIDIA Corporation,Technology,2.244,5204124106752,32.903522,0.47
2026-02-19,NVDA,187.88983154296875,NVIDIA Corporation,Technology,2.244,5204124106752,32.903522,0.47
2026-02-20,NVDA,189.8097381591797,NVIDIA Corporation,Technology,2.244,5204124106752,32.903522,0.47
2026-02-23,NVDA,191.53964233398438,NVIDIA Corporation,Technology,2.244,5204124106752,32.903522,0.47
2026-02-24,NVDA,192.83956909179688,NVIDIA Corporation,Technology,2.244,5204124106752,32.903522,0.47
2026-02-25,NVDA,195.54940795898438,NVIDIA Corporation,Technology,2.244,5204124106752,32.903522,0.47
2026-02-26,NVDA,184.87998962402344,NVIDIA Corporation,Technology,2.244,5204124106752,32.903522,0.47
2026-02-27,NVDA,177.180419921875,NVIDIA Corporation,Technology,2.244,5204124106752,32.903522,0.47
2026-03-02,NVDA,182.47012329101562,NVIDIA Corporation,Technology,2.244,5204124106752,32.903522,0.47
2026-03-03,NVDA,180.04025268554688,NVIDIA Corporation,Technology,2.244,5204124106752,32.903522,0.47
2026-03-04,NVDA,183.03009033203125,NVIDIA Corporation,Technology,2.244,5204124106752,32.903522,0.47
2026-03-05,NVDA,183.330078125,NVIDIA Corporation,Technology,2.244,5204124106752,32.903522,0.47
2026-03-06,NVDA,177.8103790283203,NVIDIA Corporation,Technology,2.244,5204124106752,32.903522,0.47
2026-03-09,NVDA,182.64010620117188,NVIDIA Corporation,Technology,2.244,5204124106752,32.903522,0.47
2026-03-10,NVDA,184.760009765625,NVIDIA Corporation,Technology,2.244,5204124106752,32.903522,0.47
2026-03-11,NVDA,186.02999877929688,NVIDIA Corporation,Technology,2.244,5204124106752,32.903522,0.47
2026-03-12,NVDA,183.13999938964844,NVIDIA Corporation,Technology,2.244,5204124106752,32.903522,0.47
2026-03-13,NVDA,180.25,NVIDIA Corporation,Technology,2.244,5204124106752,32.903522,0.47
2026-03-16,NVDA,183.22000122070312,NVIDIA Corporation,Technology,2.244,5204124106752,32.903522,0.47
2026-03-17,NVDA,181.92999267578125,NVIDIA Corporation,Technology,2.244,5204124106752,32.903522,0.47
2026-03-18,NVDA,180.39999389648438,NVIDIA Corporation,Technology,2.244,5204124106752,32.903522,0.47
2026-03-19,NVDA,178.55999755859375,NVIDIA Corporation,Technology,2.244,5204124106752,32.903522,0.47
2026-03-20,NVDA,172.6999969482422,NVIDIA Corporation,Technology,2.244,5204124106752,32.903522,0.47
2026-03-23,NVDA,175.63999938964844,NVIDIA Corporation,Technology,2.244,5204124106752,32.903522,0.47
2026-03-24,NVDA,175.1999969482422,NVIDIA Corporation,Technology,2.244,5204124106752,32.903522,0.47
2026-03-25,NVDA,178.67999267578125,NVIDIA Corporation,Technology,2.244,5204124106752,32.903522,0.47
2026-03-26,NVDA,171.24000549316406,NVIDIA Corporation,Technology,2.244,5204124106752,32.903522,0.47
2026-03-27,NVDA,167.52000427246094,NVIDIA Corporation,Technology,2.244,5204124106752,32.903522,0.47
2026-03-30,NVDA,165.1699981689453,NVIDIA Corporation,Technology,2.244,5204124106752,32.903522,0.47
2026-03-31,NVDA,174.39999389648438,NVIDIA Corporation,Technology,2.244,5204124106752,32.903522,0.47
2026-04-01,NVDA,175.75,NVIDIA Corporation,Technology,2.244,5204124106752,32.903522,0.47
2026-04-02,NVDA,177.38999938964844,NVIDIA Corporation,Technology,2.244,5204124106752,32.903522,0.47
2026-04-06,NVDA,177.63999938964844,NVIDIA Corporation,Technology,2.244,5204124106752,32.903522,0.47
2026-04-07,NVDA,178.10000610351562,NVIDIA Corporation,Technology,2.244,5204124106752,32.903522,0.47
2026-04-08,NVDA,182.0800018310547,NVIDIA Corporation,Technology,2.244,5204124106752,32.903522,0.47
2026-04-09,NVDA,183.91000366210938,NVIDIA Corporation,Technology,2.244,5204124106752,32.903522,0.47
2026-04-10,NVDA,188.6300048828125,NVIDIA Corporation,Technology,2.244,5204124106752,32.903522,0.47
2026-04-13,NVDA,189.30999755859375,NVIDIA Corporation,Technology,2.244,5204124106752,32.903522,0.47
2026-04-14,NVDA,196.50999450683594,NVIDIA Corporation,Technology,2.244,5204124106752,32.903522,0.47
2026-04-15,NVDA,198.8699951171875,NVIDIA Corporation,Technology,2.244,5204124106752,32.903522,0.47
2026-04-16,NVDA,198.35000610351562,NVIDIA Corporation,Technology,2.244,5204124106752,32.903522,0.47
2026-04-17,NVDA,201.67999267578125,NVIDIA Corporation,Technology,2.244,5204124106752,32.903522,0.47
2026-04-20,NVDA,202.05999755859375,NVIDIA Corporation,Technology,2.244,5204124106752,32.903522,0.47
2026-04-21,NVDA,199.8800048828125,NVIDIA Corporation,Technology,2.244,5204124106752,32.903522,0.47
2026-04-22,NVDA,202.5,NVIDIA Corporation,Technology,2.244,5204124106752,32.903522,0.47
2026-04-23,NVDA,199.63999938964844,NVIDIA Corporation,Technology,2.244,5204124106752,32.903522,0.47
2026-04-24,NVDA,208.27000427246094,NVIDIA Corporation,Technology,2.244,5204124106752,32.903522,0.47
2026-04-27,NVDA,216.61000061035156,NVIDIA Corporation,Technology,2.244,5204124106752,32.903522,0.47
2026-04-28,NVDA,213.1699981689453,NVIDIA Corporation,Technology,2.244,5204124106752,32.903522,0.47
2026-04-29,NVDA,209.25,NVIDIA Corporation,Technology,2.244,5204124106752,32.903522,0.47
2026-04-30,NVDA,199.57000732421875,NVIDIA Corporation,Technology,2.244,5204124106752,32.903522,0.47
2026-05-01,NVDA,198.4499969482422,NVIDIA Corporation,Technology,2.244,5204124106752,32.903522,0.47
2026-05-04,NVDA,198.47999572753906,NVIDIA Corporation,Technology,2.244,5204124106752,32.903522,0.47
2026-05-05,NVDA,196.5,NVIDIA Corporation,Technology,2.244,5204124106752,32.903522,0.47
2026-05-06,NVDA,207.8300018310547,NVIDIA Corporation,Technology,2.244,5204124106752,32.903522,0.47
2026-05-07,NVDA,211.5,NVIDIA Corporation,Technology,2.244,5204124106752,32.903522,0.47
2026-05-08,NVDA,215.1999969482422,NVIDIA Corporation,Technology,2.244,5204124106752,32.903522,0.47
2026-05-11,NVDA,219.44000244140625,NVIDIA Corporation,Technology,2.244,5204124106752,32.903522,0.47
2026-05-12,NVDA,220.77999877929688,NVIDIA Corporation,Technology,2.244,5204124106752,32.903522,0.47
2026-05-13,NVDA,225.8300018310547,NVIDIA Corporation,Technology,2.244,5204124106752,32.903522,0.47
2026-05-14,NVDA,235.74000549316406,NVIDIA Corporation,Technology,2.244,5204124106752,32.903522,0.47
2026-05-15,NVDA,225.32000732421875,NVIDIA Corporation,Technology,2.244,5204124106752,32.903522,0.47
2026-05-18,NVDA,222.32000732421875,NVIDIA Corporation,Technology,2.244,5204124106752,32.903522,0.47
2026-05-19,NVDA,220.61000061035156,NVIDIA Corporation,Technology,2.244,5204124106752,32.903522,0.47
2026-05-20,NVDA,223.47000122070312,NVIDIA Corporation,Technology,2.244,5204124106752,32.903522,0.47
2026-05-21,NVDA,219.50999450683594,NVIDIA Corporation,Technology,2.244,5204124106752,32.903522,0.47
2026-05-22,NVDA,215.3300018310547,NVIDIA Corporation,Technology,2.244,5204124106752,32.903522,0.47
2026-05-26,NVDA,214.86000061035156,NVIDIA Corporation,Technology,2.244,5204124106752,32.903522,0.47
2025-05-27,TSLA,362.8900146484375,"Tesla, Inc.",Consumer Cyclical,1.793,1628444295168,401.4722,0
2025-05-28,TSLA,356.8999938964844,"Tesla, Inc.",Consumer Cyclical,1.793,1628444295168,401.4722,0
2025-05-29,TSLA,358.42999267578125,"Tesla, Inc.",Consumer Cyclical,1.793,1628444295168,401.4722,0
2025-05-30,TSLA,346.4599914550781,"Tesla, Inc.",Consumer Cyclical,1.793,1628444295168,401.4722,0
2025-06-02,TSLA,342.69000244140625,"Tesla, Inc.",Consumer Cyclical,1.793,1628444295168,401.4722,0
2025-06-03,TSLA,344.2699890136719,"Tesla, Inc.",Consumer Cyclical,1.793,1628444295168,401.4722,0
2025-06-04,TSLA,332.04998779296875,"Tesla, Inc.",Consumer Cyclical,1.793,1628444295168,401.4722,0
2025-06-05,TSLA,284.70001220703125,"Tesla, Inc.",Consumer Cyclical,1.793,1628444295168,401.4722,0
2025-06-06,TSLA,295.1400146484375,"Tesla, Inc.",Consumer Cyclical,1.793,1628444295168,401.4722,0
2025-06-09,TSLA,308.5799865722656,"Tesla, Inc.",Consumer Cyclical,1.793,1628444295168,401.4722,0
2025-06-10,TSLA,326.0899963378906,"Tesla, Inc.",Consumer Cyclical,1.793,1628444295168,401.4722,0
2025-06-11,TSLA,326.42999267578125,"Tesla, Inc.",Consumer Cyclical,1.793,1628444295168,401.4722,0
2025-06-12,TSLA,319.1099853515625,"Tesla, Inc.",Consumer Cyclical,1.793,1628444295168,401.4722,0
2025-06-13,TSLA,325.30999755859375,"Tesla, Inc.",Consumer Cyclical,1.793,1628444295168,401.4722,0
2025-06-16,TSLA,329.1300048828125,"Tesla, Inc.",Consumer Cyclical,1.793,1628444295168,401.4722,0
2025-06-17,TSLA,316.3500061035156,"Tesla, Inc.",Consumer Cyclical,1.793,1628444295168,401.4722,0
2025-06-18,TSLA,322.04998779296875,"Tesla, Inc.",Consumer Cyclical,1.793,1628444295168,401.4722,0
2025-06-20,TSLA,322.1600036621094,"Tesla, Inc.",Consumer Cyclical,1.793,1628444295168,401.4722,0
2025-06-23,TSLA,348.67999267578125,"Tesla, Inc.",Consumer Cyclical,1.793,1628444295168,401.4722,0
2025-06-24,TSLA,340.4700012207031,"Tesla, Inc.",Consumer Cyclical,1.793,1628444295168,401.4722,0
2025-06-25,TSLA,327.54998779296875,"Tesla, Inc.",Consumer Cyclical,1.793,1628444295168,401.4722,0
2025-06-26,TSLA,325.7799987792969,"Tesla, Inc.",Consumer Cyclical,1.793,1628444295168,401.4722,0
2025-06-27,TSLA,323.6300048828125,"Tesla, Inc.",Consumer Cyclical,1.793,1628444295168,401.4722,0
2025-06-30,TSLA,317.6600036621094,"Tesla, Inc.",Consumer Cyclical,1.793,1628444295168,401.4722,0
2025-07-01,TSLA,300.7099914550781,"Tesla, Inc.",Consumer Cyclical,1.793,1628444295168,401.4722,0
2025-07-02,TSLA,315.6499938964844,"Tesla, Inc.",Consumer Cyclical,1.793,1628444295168,401.4722,0
2025-07-03,TSLA,315.3500061035156,"Tesla, Inc.",Consumer Cyclical,1.793,1628444295168,401.4722,0
2025-07-07,TSLA,293.94000244140625,"Tesla, Inc.",Consumer Cyclical,1.793,1628444295168,401.4722,0
2025-07-08,TSLA,297.80999755859375,"Tesla, Inc.",Consumer Cyclical,1.793,1628444295168,401.4722,0
2025-07-09,TSLA,295.8800048828125,"Tesla, Inc.",Consumer Cyclical,1.793,1628444295168,401.4722,0
2025-07-10,TSLA,309.8699951171875,"Tesla, Inc.",Consumer Cyclical,1.793,1628444295168,401.4722,0
2025-07-11,TSLA,313.510009765625,"Tesla, Inc.",Consumer Cyclical,1.793,1628444295168,401.4722,0
2025-07-14,TSLA,316.8999938964844,"Tesla, Inc.",Consumer Cyclical,1.793,1628444295168,401.4722,0
2025-07-15,TSLA,310.7799987792969,"Tesla, Inc.",Consumer Cyclical,1.793,1628444295168,401.4722,0
2025-07-16,TSLA,321.6700134277344,"Tesla, Inc.",Consumer Cyclical,1.793,1628444295168,401.4722,0
2025-07-17,TSLA,319.4100036621094,"Tesla, Inc.",Consumer Cyclical,1.793,1628444295168,401.4722,0
2025-07-18,TSLA,329.6499938964844,"Tesla, Inc.",Consumer Cyclical,1.793,1628444295168,401.4722,0
2025-07-21,TSLA,328.489990234375,"Tesla, Inc.",Consumer Cyclical,1.793,1628444295168,401.4722,0
2025-07-22,TSLA,332.1099853515625,"Tesla, Inc.",Consumer Cyclical,1.793,1628444295168,401.4722,0
2025-07-23,TSLA,332.55999755859375,"Tesla, Inc.",Consumer Cyclical,1.793,1628444295168,401.4722,0
2025-07-24,TSLA,305.29998779296875,"Tesla, Inc.",Consumer Cyclical,1.793,1628444295168,401.4722,0
2025-07-25,TSLA,316.05999755859375,"Tesla, Inc.",Consumer Cyclical,1.793,1628444295168,401.4722,0
2025-07-28,TSLA,325.5899963378906,"Tesla, Inc.",Consumer Cyclical,1.793,1628444295168,401.4722,0
2025-07-29,TSLA,321.20001220703125,"Tesla, Inc.",Consumer Cyclical,1.793,1628444295168,401.4722,0
2025-07-30,TSLA,319.0400085449219,"Tesla, Inc.",Consumer Cyclical,1.793,1628444295168,401.4722,0
2025-07-31,TSLA,308.2699890136719,"Tesla, Inc.",Consumer Cyclical,1.793,1628444295168,401.4722,0
2025-08-01,TSLA,302.6300048828125,"Tesla, Inc.",Consumer Cyclical,1.793,1628444295168,401.4722,0
2025-08-04,TSLA,309.260009765625,"Tesla, Inc.",Consumer Cyclical,1.793,1628444295168,401.4722,0
2025-08-05,TSLA,308.7200012207031,"Tesla, Inc.",Consumer Cyclical,1.793,1628444295168,401.4722,0
2025-08-06,TSLA,319.9100036621094,"Tesla, Inc.",Consumer Cyclical,1.793,1628444295168,401.4722,0
2025-08-07,TSLA,322.2699890136719,"Tesla, Inc.",Consumer Cyclical,1.793,1628444295168,401.4722,0
2025-08-08,TSLA,329.6499938964844,"Tesla, Inc.",Consumer Cyclical,1.793,1628444295168,401.4722,0
2025-08-11,TSLA,339.0299987792969,"Tesla, Inc.",Consumer Cyclical,1.793,1628444295168,401.4722,0
2025-08-12,TSLA,340.8399963378906,"Tesla, Inc.",Consumer Cyclical,1.793,1628444295168,401.4722,0
2025-08-13,TSLA,339.3800048828125,"Tesla, Inc.",Consumer Cyclical,1.793,1628444295168,401.4722,0
2025-08-14,TSLA,335.5799865722656,"Tesla, Inc.",Consumer Cyclical,1.793,1628444295168,401.4722,0
2025-08-15,TSLA,330.55999755859375,"Tesla, Inc.",Consumer Cyclical,1.793,1628444295168,401.4722,0
2025-08-18,TSLA,335.1600036621094,"Tesla, Inc.",Consumer Cyclical,1.793,1628444295168,401.4722,0
2025-08-19,TSLA,329.30999755859375,"Tesla, Inc.",Consumer Cyclical,1.793,1628444295168,401.4722,0
2025-08-20,TSLA,323.8999938964844,"Tesla, Inc.",Consumer Cyclical,1.793,1628444295168,401.4722,0
2025-08-21,TSLA,320.1099853515625,"Tesla, Inc.",Consumer Cyclical,1.793,1628444295168,401.4722,0
2025-08-22,TSLA,340.010009765625,"Tesla, Inc.",Consumer Cyclical,1.793,1628444295168,401.4722,0
2025-08-25,TSLA,346.6000061035156,"Tesla, Inc.",Consumer Cyclical,1.793,1628444295168,401.4722,0
2025-08-26,TSLA,351.6700134277344,"Tesla, Inc.",Consumer Cyclical,1.793,1628444295168,401.4722,0
2025-08-27,TSLA,349.6000061035156,"Tesla, Inc.",Consumer Cyclical,1.793,1628444295168,401.4722,0
2025-08-28,TSLA,345.9800109863281,"Tesla, Inc.",Consumer Cyclical,1.793,1628444295168,401.4722,0
2025-08-29,TSLA,333.8699951171875,"Tesla, Inc.",Consumer Cyclical,1.793,1628444295168,401.4722,0
2025-09-02,TSLA,329.3599853515625,"Tesla, Inc.",Consumer Cyclical,1.793,1628444295168,401.4722,0
2025-09-03,TSLA,334.0899963378906,"Tesla, Inc.",Consumer Cyclical,1.793,1628444295168,401.4722,0
2025-09-04,TSLA,338.5299987792969,"Tesla, Inc.",Consumer Cyclical,1.793,1628444295168,401.4722,0
2025-09-05,TSLA,350.8399963378906,"Tesla, Inc.",Consumer Cyclical,1.793,1628444295168,401.4722,0
2025-09-08,TSLA,346.3999938964844,"Tesla, Inc.",Consumer Cyclical,1.793,1628444295168,401.4722,0
2025-09-09,TSLA,346.9700012207031,"Tesla, Inc.",Consumer Cyclical,1.793,1628444295168,401.4722,0
2025-09-10,TSLA,347.7900085449219,"Tesla, Inc.",Consumer Cyclical,1.793,1628444295168,401.4722,0
2025-09-11,TSLA,368.80999755859375,"Tesla, Inc.",Consumer Cyclical,1.793,1628444295168,401.4722,0
2025-09-12,TSLA,395.94000244140625,"Tesla, Inc.",Consumer Cyclical,1.793,1628444295168,401.4722,0
2025-09-15,TSLA,410.0400085449219,"Tesla, Inc.",Consumer Cyclical,1.793,1628444295168,401.4722,0
2025-09-16,TSLA,421.6199951171875,"Tesla, Inc.",Consumer Cyclical,1.793,1628444295168,401.4722,0
2025-09-17,TSLA,425.8599853515625,"Tesla, Inc.",Consumer Cyclical,1.793,1628444295168,401.4722,0
2025-09-18,TSLA,416.8500061035156,"Tesla, Inc.",Consumer Cyclical,1.793,1628444295168,401.4722,0
2025-09-19,TSLA,426.07000732421875,"Tesla, Inc.",Consumer Cyclical,1.793,1628444295168,401.4722,0
2025-09-22,TSLA,434.2099914550781,"Tesla, Inc.",Consumer Cyclical,1.793,1628444295168,401.4722,0
2025-09-23,TSLA,425.8500061035156,"Tesla, Inc.",Consumer Cyclical,1.793,1628444295168,401.4722,0
2025-09-24,TSLA,442.7900085449219,"Tesla, Inc.",Consumer Cyclical,1.793,1628444295168,401.4722,0
2025-09-25,TSLA,423.3900146484375,"Tesla, Inc.",Consumer Cyclical,1.793,1628444295168,401.4722,0
2025-09-26,TSLA,440.3999938964844,"Tesla, Inc.",Consumer Cyclical,1.793,1628444295168,401.4722,0
2025-09-29,TSLA,443.2099914550781,"Tesla, Inc.",Consumer Cyclical,1.793,1628444295168,401.4722,0
2025-09-30,TSLA,444.7200012207031,"Tesla, Inc.",Consumer Cyclical,1.793,1628444295168,401.4722,0
2025-10-01,TSLA,459.4599914550781,"Tesla, Inc.",Consumer Cyclical,1.793,1628444295168,401.4722,0
2025-10-02,TSLA,436.0,"Tesla, Inc.",Consumer Cyclical,1.793,1628444295168,401.4722,0
2025-10-03,TSLA,429.8299865722656,"Tesla, Inc.",Consumer Cyclical,1.793,1628444295168,401.4722,0
2025-10-06,TSLA,453.25,"Tesla, Inc.",Consumer Cyclical,1.793,1628444295168,401.4722,0
2025-10-07,TSLA,433.0899963378906,"Tesla, Inc.",Consumer Cyclical,1.793,1628444295168,401.4722,0
2025-10-08,TSLA,438.69000244140625,"Tesla, Inc.",Consumer Cyclical,1.793,1628444295168,401.4722,0
2025-10-09,TSLA,435.5400085449219,"Tesla, Inc.",Consumer Cyclical,1.793,1628444295168,401.4722,0
2025-10-10,TSLA,413.489990234375,"Tesla, Inc.",Consumer Cyclical,1.793,1628444295168,401.4722,0
2025-10-13,TSLA,435.8999938964844,"Tesla, Inc.",Consumer Cyclical,1.793,1628444295168,401.4722,0
2025-10-14,TSLA,429.239990234375,"Tesla, Inc.",Consumer Cyclical,1.793,1628444295168,401.4722,0
2025-10-15,TSLA,435.1499938964844,"Tesla, Inc.",Consumer Cyclical,1.793,1628444295168,401.4722,0
2025-10-16,TSLA,428.75,"Tesla, Inc.",Consumer Cyclical,1.793,1628444295168,401.4722,0
2025-10-17,TSLA,439.30999755859375,"Tesla, Inc.",Consumer Cyclical,1.793,1628444295168,401.4722,0
2025-10-20,TSLA,447.42999267578125,"Tesla, Inc.",Consumer Cyclical,1.793,1628444295168,401.4722,0
2025-10-21,TSLA,442.6000061035156,"Tesla, Inc.",Consumer Cyclical,1.793,1628444295168,401.4722,0
2025-10-22,TSLA,438.9700012207031,"Tesla, Inc.",Consumer Cyclical,1.793,1628444295168,401.4722,0
2025-10-23,TSLA,448.9800109863281,"Tesla, Inc.",Consumer Cyclical,1.793,1628444295168,401.4722,0
2025-10-24,TSLA,433.7200012207031,"Tesla, Inc.",Consumer Cyclical,1.793,1628444295168,401.4722,0
2025-10-27,TSLA,452.4200134277344,"Tesla, Inc.",Consumer Cyclical,1.793,1628444295168,401.4722,0
2025-10-28,TSLA,460.54998779296875,"Tesla, Inc.",Consumer Cyclical,1.793,1628444295168,401.4722,0
2025-10-29,TSLA,461.510009765625,"Tesla, Inc.",Consumer Cyclical,1.793,1628444295168,401.4722,0
2025-10-30,TSLA,440.1000061035156,"Tesla, Inc.",Consumer Cyclical,1.793,1628444295168,401.4722,0
2025-10-31,TSLA,456.55999755859375,"Tesla, Inc.",Consumer Cyclical,1.793,1628444295168,401.4722,0
2025-11-03,TSLA,468.3699951171875,"Tesla, Inc.",Consumer Cyclical,1.793,1628444295168,401.4722,0
2025-11-04,TSLA,444.260009765625,"Tesla, Inc.",Consumer Cyclical,1.793,1628444295168,401.4722,0
2025-11-05,TSLA,462.07000732421875,"Tesla, Inc.",Consumer Cyclical,1.793,1628444295168,401.4722,0
2025-11-06,TSLA,445.9100036621094,"Tesla, Inc.",Consumer Cyclical,1.793,1628444295168,401.4722,0
2025-11-07,TSLA,429.5199890136719,"Tesla, Inc.",Consumer Cyclical,1.793,1628444295168,401.4722,0
2025-11-10,TSLA,445.2300109863281,"Tesla, Inc.",Consumer Cyclical,1.793,1628444295168,401.4722,0
2025-11-11,TSLA,439.6199951171875,"Tesla, Inc.",Consumer Cyclical,1.793,1628444295168,401.4722,0
2025-11-12,TSLA,430.6000061035156,"Tesla, Inc.",Consumer Cyclical,1.793,1628444295168,401.4722,0
2025-11-13,TSLA,401.989990234375,"Tesla, Inc.",Consumer Cyclical,1.793,1628444295168,401.4722,0
2025-11-14,TSLA,404.3500061035156,"Tesla, Inc.",Consumer Cyclical,1.793,1628444295168,401.4722,0
2025-11-17,TSLA,408.9200134277344,"Tesla, Inc.",Consumer Cyclical,1.793,1628444295168,401.4722,0
2025-11-18,TSLA,401.25,"Tesla, Inc.",Consumer Cyclical,1.793,1628444295168,401.4722,0
2025-11-19,TSLA,403.989990234375,"Tesla, Inc.",Consumer Cyclical,1.793,1628444295168,401.4722,0
2025-11-20,TSLA,395.2300109863281,"Tesla, Inc.",Consumer Cyclical,1.793,1628444295168,401.4722,0
2025-11-21,TSLA,391.0899963378906,"Tesla, Inc.",Consumer Cyclical,1.793,1628444295168,401.4722,0
2025-11-24,TSLA,417.7799987792969,"Tesla, Inc.",Consumer Cyclical,1.793,1628444295168,401.4722,0
2025-11-25,TSLA,419.3999938964844,"Tesla, Inc.",Consumer Cyclical,1.793,1628444295168,401.4722,0
2025-11-26,TSLA,426.5799865722656,"Tesla, Inc.",Consumer Cyclical,1.793,1628444295168,401.4722,0
2025-11-28,TSLA,430.1700134277344,"Tesla, Inc.",Consumer Cyclical,1.793,1628444295168,401.4722,0
2025-12-01,TSLA,430.1400146484375,"Tesla, Inc.",Consumer Cyclical,1.793,1628444295168,401.4722,0
2025-12-02,TSLA,429.239990234375,"Tesla, Inc.",Consumer Cyclical,1.793,1628444295168,401.4722,0
2025-12-03,TSLA,446.739990234375,"Tesla, Inc.",Consumer Cyclical,1.793,1628444295168,401.4722,0
2025-12-04,TSLA,454.5299987792969,"Tesla, Inc.",Consumer Cyclical,1.793,1628444295168,401.4722,0
2025-12-05,TSLA,455.0,"Tesla, Inc.",Consumer Cyclical,1.793,1628444295168,401.4722,0
2025-12-08,TSLA,439.5799865722656,"Tesla, Inc.",Consumer Cyclical,1.793,1628444295168,401.4722,0
2025-12-09,TSLA,445.1700134277344,"Tesla, Inc.",Consumer Cyclical,1.793,1628444295168,401.4722,0
2025-12-10,TSLA,451.45001220703125,"Tesla, Inc.",Consumer Cyclical,1.793,1628444295168,401.4722,0
2025-12-11,TSLA,446.8900146484375,"Tesla, Inc.",Consumer Cyclical,1.793,1628444295168,401.4722,0
2025-12-12,TSLA,458.9599914550781,"Tesla, Inc.",Consumer Cyclical,1.793,1628444295168,401.4722,0
2025-12-15,TSLA,475.30999755859375,"Tesla, Inc.",Consumer Cyclical,1.793,1628444295168,401.4722,0
2025-12-16,TSLA,489.8800048828125,"Tesla, Inc.",Consumer Cyclical,1.793,1628444295168,401.4722,0
2025-12-17,TSLA,467.260009765625,"Tesla, Inc.",Consumer Cyclical,1.793,1628444295168,401.4722,0
2025-12-18,TSLA,483.3699951171875,"Tesla, Inc.",Consumer Cyclical,1.793,1628444295168,401.4722,0
2025-12-19,TSLA,481.20001220703125,"Tesla, Inc.",Consumer Cyclical,1.793,1628444295168,401.4722,0
2025-12-22,TSLA,488.7300109863281,"Tesla, Inc.",Consumer Cyclical,1.793,1628444295168,401.4722,0
2025-12-23,TSLA,485.55999755859375,"Tesla, Inc.",Consumer Cyclical,1.793,1628444295168,401.4722,0
2025-12-24,TSLA,485.3999938964844,"Tesla, Inc.",Consumer Cyclical,1.793,1628444295168,401.4722,0
2025-12-26,TSLA,475.19000244140625,"Tesla, Inc.",Consumer Cyclical,1.793,1628444295168,401.4722,0
2025-12-29,TSLA,459.6400146484375,"Tesla, Inc.",Consumer Cyclical,1.793,1628444295168,401.4722,0
2025-12-30,TSLA,454.42999267578125,"Tesla, Inc.",Consumer Cyclical,1.793,1628444295168,401.4722,0
2025-12-31,TSLA,449.7200012207031,"Tesla, Inc.",Consumer Cyclical,1.793,1628444295168,401.4722,0
2026-01-02,TSLA,438.07000732421875,"Tesla, Inc.",Consumer Cyclical,1.793,1628444295168,401.4722,0
2026-01-05,TSLA,451.6700134277344,"Tesla, Inc.",Consumer Cyclical,1.793,1628444295168,401.4722,0
2026-01-06,TSLA,432.9599914550781,"Tesla, Inc.",Consumer Cyclical,1.793,1628444295168,401.4722,0
2026-01-07,TSLA,431.4100036621094,"Tesla, Inc.",Consumer Cyclical,1.793,1628444295168,401.4722,0
2026-01-08,TSLA,435.79998779296875,"Tesla, Inc.",Consumer Cyclical,1.793,1628444295168,401.4722,0
2026-01-09,TSLA,445.010009765625,"Tesla, Inc.",Consumer Cyclical,1.793,1628444295168,401.4722,0
2026-01-12,TSLA,448.9599914550781,"Tesla, Inc.",Consumer Cyclical,1.793,1628444295168,401.4722,0
2026-01-13,TSLA,447.20001220703125,"Tesla, Inc.",Consumer Cyclical,1.793,1628444295168,401.4722,0
2026-01-14,TSLA,439.20001220703125,"Tesla, Inc.",Consumer Cyclical,1.793,1628444295168,401.4722,0
2026-01-15,TSLA,438.57000732421875,"Tesla, Inc.",Consumer Cyclical,1.793,1628444295168,401.4722,0
2026-01-16,TSLA,437.5,"Tesla, Inc.",Consumer Cyclical,1.793,1628444295168,401.4722,0
2026-01-20,TSLA,419.25,"Tesla, Inc.",Consumer Cyclical,1.793,1628444295168,401.4722,0
2026-01-21,TSLA,431.44000244140625,"Tesla, Inc.",Consumer Cyclical,1.793,1628444295168,401.4722,0
2026-01-22,TSLA,449.3599853515625,"Tesla, Inc.",Consumer Cyclical,1.793,1628444295168,401.4722,0
2026-01-23,TSLA,449.05999755859375,"Tesla, Inc.",Consumer Cyclical,1.793,1628444295168,401.4722,0
2026-01-26,TSLA,435.20001220703125,"Tesla, Inc.",Consumer Cyclical,1.793,1628444295168,401.4722,0
2026-01-27,TSLA,430.8999938964844,"Tesla, Inc.",Consumer Cyclical,1.793,1628444295168,401.4722,0
2026-01-28,TSLA,431.4599914550781,"Tesla, Inc.",Consumer Cyclical,1.793,1628444295168,401.4722,0
2026-01-29,TSLA,416.55999755859375,"Tesla, Inc.",Consumer Cyclical,1.793,1628444295168,401.4722,0
2026-01-30,TSLA,430.4100036621094,"Tesla, Inc.",Consumer Cyclical,1.793,1628444295168,401.4722,0
2026-02-02,TSLA,421.80999755859375,"Tesla, Inc.",Consumer Cyclical,1.793,1628444295168,401.4722,0
2026-02-03,TSLA,421.9599914550781,"Tesla, Inc.",Consumer Cyclical,1.793,1628444295168,401.4722,0
2026-02-04,TSLA,406.010009765625,"Tesla, Inc.",Consumer Cyclical,1.793,1628444295168,401.4722,0
2026-02-05,TSLA,397.2099914550781,"Tesla, Inc.",Consumer Cyclical,1.793,1628444295168,401.4722,0
2026-02-06,TSLA,411.1099853515625,"Tesla, Inc.",Consumer Cyclical,1.793,1628444295168,401.4722,0
2026-02-09,TSLA,417.32000732421875,"Tesla, Inc.",Consumer Cyclical,1.793,1628444295168,401.4722,0
2026-02-10,TSLA,425.2099914550781,"Tesla, Inc.",Consumer Cyclical,1.793,1628444295168,401.4722,0
2026-02-11,TSLA,428.2699890136719,"Tesla, Inc.",Consumer Cyclical,1.793,1628444295168,401.4722,0
2026-02-12,TSLA,417.07000732421875,"Tesla, Inc.",Consumer Cyclical,1.793,1628444295168,401.4722,0
2026-02-13,TSLA,417.44000244140625,"Tesla, Inc.",Consumer Cyclical,1.793,1628444295168,401.4722,0
2026-02-17,TSLA,410.6300048828125,"Tesla, Inc.",Consumer Cyclical,1.793,1628444295168,401.4722,0
2026-02-18,TSLA,411.32000732421875,"Tesla, Inc.",Consumer Cyclical,1.793,1628444295168,401.4722,0
2026-02-19,TSLA,411.7099914550781,"Tesla, Inc.",Consumer Cyclical,1.793,1628444295168,401.4722,0
2026-02-20,TSLA,411.82000732421875,"Tesla, Inc.",Consumer Cyclical,1.793,1628444295168,401.4722,0
2026-02-23,TSLA,399.8299865722656,"Tesla, Inc.",Consumer Cyclical,1.793,1628444295168,401.4722,0
2026-02-24,TSLA,409.3800048828125,"Tesla, Inc.",Consumer Cyclical,1.793,1628444295168,401.4722,0
2026-02-25,TSLA,417.3999938964844,"Tesla, Inc.",Consumer Cyclical,1.793,1628444295168,401.4722,0
2026-02-26,TSLA,408.5799865722656,"Tesla, Inc.",Consumer Cyclical,1.793,1628444295168,401.4722,0
2026-02-27,TSLA,402.510009765625,"Tesla, Inc.",Consumer Cyclical,1.793,1628444295168,401.4722,0
2026-03-02,TSLA,403.32000732421875,"Tesla, Inc.",Consumer Cyclical,1.793,1628444295168,401.4722,0
2026-03-03,TSLA,392.42999267578125,"Tesla, Inc.",Consumer Cyclical,1.793,1628444295168,401.4722,0
2026-03-04,TSLA,405.94000244140625,"Tesla, Inc.",Consumer Cyclical,1.793,1628444295168,401.4722,0
2026-03-05,TSLA,405.54998779296875,"Tesla, Inc.",Consumer Cyclical,1.793,1628444295168,401.4722,0
2026-03-06,TSLA,396.7300109863281,"Tesla, Inc.",Consumer Cyclical,1.793,1628444295168,401.4722,0
2026-03-09,TSLA,398.67999267578125,"Tesla, Inc.",Consumer Cyclical,1.793,1628444295168,401.4722,0
2026-03-10,TSLA,399.239990234375,"Tesla, Inc.",Consumer Cyclical,1.793,1628444295168,401.4722,0
2026-03-11,TSLA,407.82000732421875,"Tesla, Inc.",Consumer Cyclical,1.793,1628444295168,401.4722,0
2026-03-12,TSLA,395.010009765625,"Tesla, Inc.",Consumer Cyclical,1.793,1628444295168,401.4722,0
2026-03-13,TSLA,391.20001220703125,"Tesla, Inc.",Consumer Cyclical,1.793,1628444295168,401.4722,0
2026-03-16,TSLA,395.55999755859375,"Tesla, Inc.",Consumer Cyclical,1.793,1628444295168,401.4722,0
2026-03-17,TSLA,399.2699890136719,"Tesla, Inc.",Consumer Cyclical,1.793,1628444295168,401.4722,0
2026-03-18,TSLA,392.7799987792969,"Tesla, Inc.",Consumer Cyclical,1.793,1628444295168,401.4722,0
2026-03-19,TSLA,380.29998779296875,"Tesla, Inc.",Consumer Cyclical,1.793,1628444295168,401.4722,0
2026-03-20,TSLA,367.9599914550781,"Tesla, Inc.",Consumer Cyclical,1.793,1628444295168,401.4722,0
2026-03-23,TSLA,380.8500061035156,"Tesla, Inc.",Consumer Cyclical,1.793,1628444295168,401.4722,0
2026-03-24,TSLA,383.0299987792969,"Tesla, Inc.",Consumer Cyclical,1.793,1628444295168,401.4722,0
2026-03-25,TSLA,385.95001220703125,"Tesla, Inc.",Consumer Cyclical,1.793,1628444295168,401.4722,0
2026-03-26,TSLA,372.1099853515625,"Tesla, Inc.",Consumer Cyclical,1.793,1628444295168,401.4722,0
2026-03-27,TSLA,361.8299865722656,"Tesla, Inc.",Consumer Cyclical,1.793,1628444295168,401.4722,0
2026-03-30,TSLA,355.2799987792969,"Tesla, Inc.",Consumer Cyclical,1.793,1628444295168,401.4722,0
2026-03-31,TSLA,371.75,"Tesla, Inc.",Consumer Cyclical,1.793,1628444295168,401.4722,0
2026-04-01,TSLA,381.260009765625,"Tesla, Inc.",Consumer Cyclical,1.793,1628444295168,401.4722,0
2026-04-02,TSLA,360.5899963378906,"Tesla, Inc.",Consumer Cyclical,1.793,1628444295168,401.4722,0
2026-04-06,TSLA,352.82000732421875,"Tesla, Inc.",Consumer Cyclical,1.793,1628444295168,401.4722,0
2026-04-07,TSLA,346.6499938964844,"Tesla, Inc.",Consumer Cyclical,1.793,1628444295168,401.4722,0
2026-04-08,TSLA,343.25,"Tesla, Inc.",Consumer Cyclical,1.793,1628444295168,401.4722,0
2026-04-09,TSLA,345.6199951171875,"Tesla, Inc.",Consumer Cyclical,1.793,1628444295168,401.4722,0
2026-04-10,TSLA,348.95001220703125,"Tesla, Inc.",Consumer Cyclical,1.793,1628444295168,401.4722,0
2026-04-13,TSLA,352.4200134277344,"Tesla, Inc.",Consumer Cyclical,1.793,1628444295168,401.4722,0
2026-04-14,TSLA,364.20001220703125,"Tesla, Inc.",Consumer Cyclical,1.793,1628444295168,401.4722,0
2026-04-15,TSLA,391.95001220703125,"Tesla, Inc.",Consumer Cyclical,1.793,1628444295168,401.4722,0
2026-04-16,TSLA,388.8999938964844,"Tesla, Inc.",Consumer Cyclical,1.793,1628444295168,401.4722,0
2026-04-17,TSLA,400.6199951171875,"Tesla, Inc.",Consumer Cyclical,1.793,1628444295168,401.4722,0
2026-04-20,TSLA,392.5,"Tesla, Inc.",Consumer Cyclical,1.793,1628444295168,401.4722,0
2026-04-21,TSLA,386.4200134277344,"Tesla, Inc.",Consumer Cyclical,1.793,1628444295168,401.4722,0
2026-04-22,TSLA,387.510009765625,"Tesla, Inc.",Consumer Cyclical,1.793,1628444295168,401.4722,0
2026-04-23,TSLA,373.7200012207031,"Tesla, Inc.",Consumer Cyclical,1.793,1628444295168,401.4722,0
2026-04-24,TSLA,376.29998779296875,"Tesla, Inc.",Consumer Cyclical,1.793,1628444295168,401.4722,0
2026-04-27,TSLA,378.6700134277344,"Tesla, Inc.",Consumer Cyclical,1.793,1628444295168,401.4722,0
2026-04-28,TSLA,376.0199890136719,"Tesla, Inc.",Consumer Cyclical,1.793,1628444295168,401.4722,0
2026-04-29,TSLA,372.79998779296875,"Tesla, Inc.",Consumer Cyclical,1.793,1628444295168,401.4722,0
2026-04-30,TSLA,381.6300048828125,"Tesla, Inc.",Consumer Cyclical,1.793,1628444295168,401.4722,0
2026-05-01,TSLA,390.82000732421875,"Tesla, Inc.",Consumer Cyclical,1.793,1628444295168,401.4722,0
2026-05-04,TSLA,392.510009765625,"Tesla, Inc.",Consumer Cyclical,1.793,1628444295168,401.4722,0
2026-05-05,TSLA,389.3699951171875,"Tesla, Inc.",Consumer Cyclical,1.793,1628444295168,401.4722,0
2026-05-06,TSLA,398.7300109863281,"Tesla, Inc.",Consumer Cyclical,1.793,1628444295168,401.4722,0
2026-05-07,TSLA,411.7900085449219,"Tesla, Inc.",Consumer Cyclical,1.793,1628444295168,401.4722,0
2026-05-08,TSLA,428.3500061035156,"Tesla, Inc.",Consumer Cyclical,1.793,1628444295168,401.4722,0
2026-05-11,TSLA,445.0,"Tesla, Inc.",Consumer Cyclical,1.793,1628444295168,401.4722,0
2026-05-12,TSLA,433.45001220703125,"Tesla, Inc.",Consumer Cyclical,1.793,1628444295168,401.4722,0
2026-05-13,TSLA,445.2699890136719,"Tesla, Inc.",Consumer Cyclical,1.793,1628444295168,401.4722,0
2026-05-14,TSLA,443.29998779296875,"Tesla, Inc.",Consumer Cyclical,1.793,1628444295168,401.4722,0
2026-05-15,TSLA,422.239990234375,"Tesla, Inc.",Consumer Cyclical,1.793,1628444295168,401.4722,0
2026-05-18,TSLA,409.989990234375,"Tesla, Inc.",Consumer Cyclical,1.793,1628444295168,401.4722,0
2026-05-19,TSLA,404.1099853515625,"Tesla, Inc.",Consumer Cyclical,1.793,1628444295168,401.4722,0
2026-05-20,TSLA,417.260009765625,"Tesla, Inc.",Consumer Cyclical,1.793,1628444295168,401.4722,0
2026-05-21,TSLA,417.8500061035156,"Tesla, Inc.",Consumer Cyclical,1.793,1628444295168,401.4722,0
2026-05-22,TSLA,426.010009765625,"Tesla, Inc.",Consumer Cyclical,1.793,1628444295168,401.4722,0
2026-05-26,TSLA,433.5899963378906,"Tesla, Inc.",Consumer Cyclical,1.793,1628444295168,401.4722,0
2025-05-27,V,356.4842224121094,Visa Inc.,Financial Services,0.784,620881313792,28.488657,0.82
2025-05-28,V,356.9108581542969,Visa Inc.,Financial Services,0.784,620881313792,28.488657,0.82
2025-05-29,V,359.5599365234375,Visa Inc.,Financial Services,0.784,620881313792,28.488657,0.82
2025-05-30,V,362.3280334472656,Visa Inc.,Financial Services,0.784,620881313792,28.488657,0.82
2025-06-02,V,362.4570007324219,Visa Inc.,Financial Services,0.784,620881313792,28.488657,0.82
2025-06-03,V,362.9927978515625,Visa Inc.,Financial Services,0.784,620881313792,28.488657,0.82
2025-06-04,V,365.1159973144531,Visa Inc.,Financial Services,0.784,620881313792,28.488657,0.82
2025-06-05,V,363.8956604003906,Visa Inc.,Financial Services,0.784,620881313792,28.488657,0.82
2025-06-06,V,367.318603515625,Visa Inc.,Financial Services,0.784,620881313792,28.488657,0.82
2025-06-09,V,363.7865295410156,Visa Inc.,Financial Services,0.784,620881313792,28.488657,0.82
2025-06-10,V,367.7948913574219,Visa Inc.,Financial Services,0.784,620881313792,28.488657,0.82
2025-06-11,V,370.3843994140625,Visa Inc.,Financial Services,0.784,620881313792,28.488657,0.82
2025-06-12,V,368.4893493652344,Visa Inc.,Financial Services,0.784,620881313792,28.488657,0.82
2025-06-13,V,350.08477783203125,Visa Inc.,Financial Services,0.784,620881313792,28.488657,0.82
2025-06-16,V,352.69415283203125,Visa Inc.,Financial Services,0.784,620881313792,28.488657,0.82
2025-06-17,V,355.03564453125,Visa Inc.,Financial Services,0.784,620881313792,28.488657,0.82
2025-06-18,V,337.71246337890625,Visa Inc.,Financial Services,0.784,620881313792,28.488657,0.82
2025-06-20,V,335.91668701171875,Visa Inc.,Financial Services,0.784,620881313792,28.488657,0.82
2025-06-23,V,341.0560607910156,Visa Inc.,Financial Services,0.784,620881313792,28.488657,0.82
2025-06-24,V,348.87432861328125,Visa Inc.,Financial Services,0.784,620881313792,28.488657,0.82
2025-06-25,V,342.5542297363281,Visa Inc.,Financial Services,0.784,620881313792,28.488657,0.82
2025-06-26,V,343.31817626953125,Visa Inc.,Financial Services,0.784,620881313792,28.488657,0.82
2025-06-27,V,345.8779602050781,Visa Inc.,Financial Services,0.784,620881313792,28.488657,0.82
2025-06-30,V,352.2674865722656,Visa Inc.,Financial Services,0.784,620881313792,28.488657,0.82
2025-07-01,V,352.6842041015625,Visa Inc.,Financial Services,0.784,620881313792,28.488657,0.82
2025-07-02,V,351.4440002441406,Visa Inc.,Financial Services,0.784,620881313792,28.488657,0.82
2025-07-03,V,356.0476379394531,Visa Inc.,Financial Services,0.784,620881313792,28.488657,0.82
2025-07-07,V,353.8450622558594,Visa Inc.,Financial Services,0.784,620881313792,28.488657,0.82
2025-07-08,V,351.7714538574219,Visa Inc.,Financial Services,0.784,620881313792,28.488657,0.82
2025-07-09,V,354.9562683105469,Visa Inc.,Financial Services,0.784,620881313792,28.488657,0.82
2025-07-10,V,353.0910339355469,Visa Inc.,Financial Services,0.784,620881313792,28.488657,0.82
2025-07-11,V,345.2032775878906,Visa Inc.,Financial Services,0.784,620881313792,28.488657,0.82
2025-07-14,V,347.753173828125,Visa Inc.,Financial Services,0.784,620881313792,28.488657,0.82
2025-07-15,V,344.3003845214844,Visa Inc.,Financial Services,0.784,620881313792,28.488657,0.82
2025-07-16,V,347.1578674316406,Visa Inc.,Financial Services,0.784,620881313792,28.488657,0.82
2025-07-17,V,347.0685729980469,Visa Inc.,Financial Services,0.784,620881313792,28.488657,0.82
2025-07-18,V,346.31451416015625,Visa Inc.,Financial Services,0.784,620881313792,28.488657,0.82
2025-07-21,V,348.189697265625,Visa Inc.,Financial Services,0.784,620881313792,28.488657,0.82
2025-07-22,V,349.10247802734375,Visa Inc.,Financial Services,0.784,620881313792,28.488657,0.82
2025-07-23,V,352.5056457519531,Visa Inc.,Financial Services,0.784,620881313792,28.488657,0.82
2025-07-24,V,351.19598388671875,Visa Inc.,Financial Services,0.784,620881313792,28.488657,0.82
2025-07-25,V,354.241943359375,Visa Inc.,Financial Services,0.784,620881313792,28.488657,0.82
2025-07-28,V,352.6842041015625,Visa Inc.,Financial Services,0.784,620881313792,28.488657,0.82
2025-07-29,V,348.5369873046875,Visa Inc.,Financial Services,0.784,620881313792,28.488657,0.82
2025-07-30,V,348.1599426269531,Visa Inc.,Financial Services,0.784,620881313792,28.488657,0.82
2025-07-31,V,342.7626037597656,Visa Inc.,Financial Services,0.784,620881313792,28.488657,0.82
2025-08-01,V,336.6905517578125,Visa Inc.,Financial Services,0.784,620881313792,28.488657,0.82
2025-08-04,V,339.4685974121094,Visa Inc.,Financial Services,0.784,620881313792,28.488657,0.82
2025-08-05,V,334.78558349609375,Visa Inc.,Financial Services,0.784,620881313792,28.488657,0.82
2025-08-06,V,337.0774841308594,Visa Inc.,Financial Services,0.784,620881313792,28.488657,0.82
2025-08-07,V,329.4874267578125,Visa Inc.,Financial Services,0.784,620881313792,28.488657,0.82
2025-08-08,V,334.1406555175781,Visa Inc.,Financial Services,0.784,620881313792,28.488657,0.82
2025-08-11,V,333.2675476074219,Visa Inc.,Financial Services,0.784,620881313792,28.488657,0.82
2025-08-12,V,334.6888732910156,Visa Inc.,Financial Services,0.784,620881313792,28.488657,0.82
2025-08-13,V,340.4634704589844,Visa Inc.,Financial Services,0.784,620881313792,28.488657,0.82
2025-08-14,V,343.38555908203125,Visa Inc.,Financial Services,0.784,620881313792,28.488657,0.82
2025-08-15,V,342.3717956542969,Visa Inc.,Financial Services,0.784,620881313792,28.488657,0.82
2025-08-18,V,340.6523132324219,Visa Inc.,Financial Services,0.784,620881313792,28.488657,0.82
2025-08-19,V,340.3641052246094,Visa Inc.,Financial Services,0.784,620881313792,28.488657,0.82
2025-08-20,V,341.8350830078125,Visa Inc.,Financial Services,0.784,620881313792,28.488657,0.82
2025-08-21,V,341.5965576171875,Visa Inc.,Financial Services,0.784,620881313792,28.488657,0.82
2025-08-22,V,347.9078674316406,Visa Inc.,Financial Services,0.784,620881313792,28.488657,0.82
2025-08-25,V,346.6953125,Visa Inc.,Financial Services,0.784,620881313792,28.488657,0.82
2025-08-26,V,349.0409240722656,Visa Inc.,Financial Services,0.784,620881313792,28.488657,0.82
2025-08-27,V,348.2159729003906,Visa Inc.,Financial Services,0.784,620881313792,28.488657,0.82
2025-08-28,V,347.7289733886719,Visa Inc.,Financial Services,0.784,620881313792,28.488657,0.82
2025-08-29,V,349.63726806640625,Visa Inc.,Financial Services,0.784,620881313792,28.488657,0.82
2025-09-02,V,347.93768310546875,Visa Inc.,Financial Services,0.784,620881313792,28.488657,0.82
2025-09-03,V,348.7328186035156,Visa Inc.,Financial Services,0.784,620881313792,28.488657,0.82
2025-09-04,V,348.8520812988281,Visa Inc.,Financial Services,0.784,620881313792,28.488657,0.82
2025-09-05,V,341.1294250488281,Visa Inc.,Financial Services,0.784,620881313792,28.488657,0.82
2025-09-08,V,340.2149963378906,Visa Inc.,Financial Services,0.784,620881313792,28.488657,0.82
2025-09-09,V,341.89471435546875,Visa Inc.,Financial Services,0.784,620881313792,28.488657,0.82
2025-09-10,V,336.06048583984375,Visa Inc.,Financial Services,0.784,620881313792,28.488657,0.82
2025-09-11,V,341.39776611328125,Visa Inc.,Financial Services,0.784,620881313792,28.488657,0.82
2025-09-12,V,337.36248779296875,Visa Inc.,Financial Services,0.784,620881313792,28.488657,0.82
2025-09-15,V,336.98480224609375,Visa Inc.,Financial Services,0.784,620881313792,28.488657,0.82
2025-09-16,V,337.9588317871094,Visa Inc.,Financial Services,0.784,620881313792,28.488657,0.82
2025-09-17,V,344.0912780761719,Visa Inc.,Financial Services,0.784,620881313792,28.488657,0.82
2025-09-18,V,336.1200866699219,Visa Inc.,Financial Services,0.784,620881313792,28.488657,0.82
2025-09-19,V,339.5292053222656,Visa Inc.,Financial Services,0.784,620881313792,28.488657,0.82
2025-09-22,V,342.2624206542969,Visa Inc.,Financial Services,0.784,620881313792,28.488657,0.82
2025-09-23,V,336.6369323730469,Visa Inc.,Financial Services,0.784,620881313792,28.488657,0.82
2025-09-24,V,336.6170959472656,Visa Inc.,Financial Services,0.784,620881313792,28.488657,0.82
2025-09-25,V,332.889892578125,Visa Inc.,Financial Services,0.784,620881313792,28.488657,0.82
2025-09-26,V,335.3150329589844,Visa Inc.,Financial Services,0.784,620881313792,28.488657,0.82
2025-09-29,V,338.0880432128906,Visa Inc.,Financial Services,0.784,620881313792,28.488657,0.82
2025-09-30,V,339.3006286621094,Visa Inc.,Financial Services,0.784,620881313792,28.488657,0.82
2025-10-01,V,345.7113037109375,Visa Inc.,Financial Services,0.784,620881313792,28.488657,0.82
2025-10-02,V,343.8428039550781,Visa Inc.,Financial Services,0.784,620881313792,28.488657,0.82
2025-10-03,V,347.7090759277344,Visa Inc.,Financial Services,0.784,620881313792,28.488657,0.82
2025-10-06,V,347.1524963378906,Visa Inc.,Financial Services,0.784,620881313792,28.488657,0.82
2025-10-07,V,350.27337646484375,Visa Inc.,Financial Services,0.784,620881313792,28.488657,0.82
2025-10-08,V,349.2198181152344,Visa Inc.,Financial Services,0.784,620881313792,28.488657,0.82
2025-10-09,V,344.9261474609375,Visa Inc.,Financial Services,0.784,620881313792,28.488657,0.82
2025-10-10,V,341.5567932128906,Visa Inc.,Financial Services,0.784,620881313792,28.488657,0.82
2025-10-13,V,341.2088928222656,Visa Inc.,Financial Services,0.784,620881313792,28.488657,0.82
2025-10-14,V,346.25799560546875,Visa Inc.,Financial Services,0.784,620881313792,28.488657,0.82
2025-10-15,V,343.5843505859375,Visa Inc.,Financial Services,0.784,620881313792,28.488657,0.82
2025-10-16,V,333.3570556640625,Visa Inc.,Financial Services,0.784,620881313792,28.488657,0.82
2025-10-17,V,339.8075256347656,Visa Inc.,Financial Services,0.784,620881313792,28.488657,0.82
2025-10-20,V,342.3121643066406,Visa Inc.,Financial Services,0.784,620881313792,28.488657,0.82
2025-10-21,V,345.0950927734375,Visa Inc.,Financial Services,0.784,620881313792,28.488657,0.82
2025-10-22,V,343.2563781738281,Visa Inc.,Financial Services,0.784,620881313792,28.488657,0.82
2025-10-23,V,343.85272216796875,Visa Inc.,Financial Services,0.784,620881313792,28.488657,0.82
2025-10-24,V,345.2640686035156,Visa Inc.,Financial Services,0.784,620881313792,28.488657,0.82
2025-10-27,V,345.701416015625,Visa Inc.,Financial Services,0.784,620881313792,28.488657,0.82
2025-10-28,V,344.7869873046875,Visa Inc.,Financial Services,0.784,620881313792,28.488657,0.82
2025-10-29,V,339.20123291015625,Visa Inc.,Financial Services,0.784,620881313792,28.488657,0.82
2025-10-30,V,342.9283752441406,Visa Inc.,Financial Services,0.784,620881313792,28.488657,0.82
2025-10-31,V,338.66448974609375,Visa Inc.,Financial Services,0.784,620881313792,28.488657,0.82
2025-11-03,V,334.847900390625,Visa Inc.,Financial Services,0.784,620881313792,28.488657,0.82
2025-11-04,V,338.2272033691406,Visa Inc.,Financial Services,0.784,620881313792,28.488657,0.82
2025-11-05,V,337.9687805175781,Visa Inc.,Financial Services,0.784,620881313792,28.488657,0.82
2025-11-06,V,334.90753173828125,Visa Inc.,Financial Services,0.784,620881313792,28.488657,0.82
2025-11-07,V,333.9732666015625,Visa Inc.,Financial Services,0.784,620881313792,28.488657,0.82
2025-11-10,V,332.8103942871094,Visa Inc.,Financial Services,0.784,620881313792,28.488657,0.82
2025-11-11,V,336.8555908203125,Visa Inc.,Financial Services,0.784,620881313792,28.488657,0.82
2025-11-12,V,337.4830017089844,Visa Inc.,Financial Services,0.784,620881313792,28.488657,0.82
2025-11-13,V,334.69451904296875,Visa Inc.,Financial Services,0.784,620881313792,28.488657,0.82
2025-11-14,V,328.6595153808594,Visa Inc.,Financial Services,0.784,620881313792,28.488657,0.82
2025-11-17,V,324.4071350097656,Visa Inc.,Financial Services,0.784,620881313792,28.488657,0.82
2025-11-18,V,319.85595703125,Visa Inc.,Financial Services,0.784,620881313792,28.488657,0.82
2025-11-19,V,322.7838439941406,Visa Inc.,Financial Services,0.784,620881313792,28.488657,0.82
2025-11-20,V,322.4352722167969,Visa Inc.,Financial Services,0.784,620881313792,28.488657,0.82
2025-11-21,V,326.6279602050781,Visa Inc.,Financial Services,0.784,620881313792,28.488657,0.82
2025-11-24,V,327.9424743652344,Visa Inc.,Financial Services,0.784,620881313792,28.488657,0.82
2025-11-25,V,333.15093994140625,Visa Inc.,Financial Services,0.784,620881313792,28.488657,0.82
2025-11-26,V,332.41400146484375,Visa Inc.,Financial Services,0.784,620881313792,28.488657,0.82
2025-11-28,V,333.0613098144531,Visa Inc.,Financial Services,0.784,620881313792,28.488657,0.82
2025-12-01,V,329.02801513671875,Visa Inc.,Financial Services,0.784,620881313792,28.488657,0.82
2025-12-02,V,328.26116943359375,Visa Inc.,Financial Services,0.784,620881313792,28.488657,0.82
2025-12-03,V,328.2511901855469,Visa Inc.,Financial Services,0.784,620881313792,28.488657,0.82
2025-12-04,V,325.7515869140625,Visa Inc.,Financial Services,0.784,620881313792,28.488657,0.82
2025-12-05,V,329.8744812011719,Visa Inc.,Financial Services,0.784,620881313792,28.488657,0.82
2025-12-08,V,325.49261474609375,Visa Inc.,Financial Services,0.784,620881313792,28.488657,0.82
2025-12-09,V,325.1540222167969,Visa Inc.,Financial Services,0.784,620881313792,28.488657,0.82
2025-12-10,V,324.38720703125,Visa Inc.,Financial Services,0.784,620881313792,28.488657,0.82
2025-12-11,V,344.2051696777344,Visa Inc.,Financial Services,0.784,620881313792,28.488657,0.82
2025-12-12,V,346.3960876464844,Visa Inc.,Financial Services,0.784,620881313792,28.488657,0.82
2025-12-15,V,345.4599914550781,Visa Inc.,Financial Services,0.784,620881313792,28.488657,0.82
2025-12-16,V,343.68731689453125,Visa Inc.,Financial Services,0.784,620881313792,28.488657,0.82
2025-12-17,V,342.9902038574219,Visa Inc.,Financial Services,0.784,620881313792,28.488657,0.82
2025-12-18,V,344.5836181640625,Visa Inc.,Financial Services,0.784,620881313792,28.488657,0.82
2025-12-19,V,347.81024169921875,Visa Inc.,Financial Services,0.784,620881313792,28.488657,0.82
2025-12-22,V,350.6385192871094,Visa Inc.,Financial Services,0.784,620881313792,28.488657,0.82
2025-12-23,V,351.9232177734375,Visa Inc.,Financial Services,0.784,620881313792,28.488657,0.82
2025-12-24,V,353.6759948730469,Visa Inc.,Financial Services,0.784,620881313792,28.488657,0.82
2025-12-26,V,353.5365295410156,Visa Inc.,Financial Services,0.784,620881313792,28.488657,0.82
2025-12-29,V,353.1481628417969,Visa Inc.,Financial Services,0.784,620881313792,28.488657,0.82
2025-12-30,V,352.1622314453125,Visa Inc.,Financial Services,0.784,620881313792,28.488657,0.82
2025-12-31,V,349.26422119140625,Visa Inc.,Financial Services,0.784,620881313792,28.488657,0.82
2026-01-02,V,345.05169677734375,Visa Inc.,Financial Services,0.784,620881313792,28.488657,0.82
2026-01-05,V,352.34149169921875,Visa Inc.,Financial Services,0.784,620881313792,28.488657,0.82
2026-01-06,V,356.08599853515625,Visa Inc.,Financial Services,0.784,620881313792,28.488657,0.82
2026-01-07,V,354.4129333496094,Visa Inc.,Financial Services,0.784,620881313792,28.488657,0.82
2026-01-08,V,350.7779846191406,Visa Inc.,Financial Services,0.784,620881313792,28.488657,0.82
2026-01-09,V,348.3280944824219,Visa Inc.,Financial Services,0.784,620881313792,28.488657,0.82
2026-01-12,V,341.7851867675781,Visa Inc.,Financial Services,0.784,620881313792,28.488657,0.82
2026-01-13,V,326.5283508300781,Visa Inc.,Financial Services,0.784,620881313792,28.488657,0.82
2026-01-14,V,327.8130187988281,Visa Inc.,Financial Services,0.784,620881313792,28.488657,0.82
2026-01-15,V,326.39886474609375,Visa Inc.,Financial Services,0.784,620881313792,28.488657,0.82
2026-01-16,V,326.94659423828125,Visa Inc.,Financial Services,0.784,620881313792,28.488657,0.82
2026-01-20,V,324.4768371582031,Visa Inc.,Financial Services,0.784,620881313792,28.488657,0.82
2026-01-21,V,323.9390563964844,Visa Inc.,Financial Services,0.784,620881313792,28.488657,0.82
2026-01-22,V,325.0146179199219,Visa Inc.,Financial Services,0.784,620881313792,28.488657,0.82
2026-01-23,V,324.8353576660156,Visa Inc.,Financial Services,0.784,620881313792,28.488657,0.82
2026-01-26,V,327.13580322265625,Visa Inc.,Financial Services,0.784,620881313792,28.488657,0.82
2026-01-27,V,323.9191589355469,Visa Inc.,Financial Services,0.784,620881313792,28.488657,0.82
2026-01-28,V,325.632080078125,Visa Inc.,Financial Services,0.784,620881313792,28.488657,0.82
2026-01-29,V,330.4321594238281,Visa Inc.,Financial Services,0.784,620881313792,28.488657,0.82
2026-01-30,V,320.5032653808594,Visa Inc.,Financial Services,0.784,620881313792,28.488657,0.82
2026-02-02,V,332.4637756347656,Visa Inc.,Financial Services,0.784,620881313792,28.488657,0.82
2026-02-03,V,327.57403564453125,Visa Inc.,Financial Services,0.784,620881313792,28.488657,0.82
2026-02-04,V,328.5898132324219,Visa Inc.,Financial Services,0.784,620881313792,28.488657,0.82
2026-02-05,V,327.773193359375,Visa Inc.,Financial Services,0.784,620881313792,28.488657,0.82
2026-02-06,V,330.21307373046875,Visa Inc.,Financial Services,0.784,620881313792,28.488657,0.82
2026-02-09,V,324.2378234863281,Visa Inc.,Financial Services,0.784,620881313792,28.488657,0.82
2026-02-10,V,327.4910888671875,Visa Inc.,Financial Services,0.784,620881313792,28.488657,0.82
2026-02-11,V,328.558837890625,Visa Inc.,Financial Services,0.784,620881313792,28.488657,0.82
2026-02-12,V,323.50933837890625,Visa Inc.,Financial Services,0.784,620881313792,28.488657,0.82
2026-02-13,V,313.4302062988281,Visa Inc.,Financial Services,0.784,620881313792,28.488657,0.82
2026-02-17,V,318.8390197753906,Visa Inc.,Financial Services,0.784,620881313792,28.488657,0.82
2026-02-18,V,319.6373596191406,Visa Inc.,Financial Services,0.784,620881313792,28.488657,0.82
2026-02-19,V,318.2701721191406,Visa Inc.,Financial Services,0.784,620881313792,28.488657,0.82
2026-02-20,V,320.2860107421875,Visa Inc.,Financial Services,0.784,620881313792,28.488657,0.82
2026-02-23,V,305.8858642578125,Visa Inc.,Financial Services,0.784,620881313792,28.488657,0.82
2026-02-24,V,306.58441162109375,Visa Inc.,Financial Services,0.784,620881313792,28.488657,0.82
2026-02-25,V,312.34246826171875,Visa Inc.,Financial Services,0.784,620881313792,28.488657,0.82
2026-02-26,V,316.0448303222656,Visa Inc.,Financial Services,0.784,620881313792,28.488657,0.82
2026-02-27,V,319.4776916503906,Visa Inc.,Financial Services,0.784,620881313792,28.488657,0.82
2026-03-02,V,319.846923828125,Visa Inc.,Financial Services,0.784,620881313792,28.488657,0.82
2026-03-03,V,320.166259765625,Visa Inc.,Financial Services,0.784,620881313792,28.488657,0.82
2026-03-04,V,319.8070068359375,Visa Inc.,Financial Services,0.784,620881313792,28.488657,0.82
2026-03-05,V,319.13836669921875,Visa Inc.,Financial Services,0.784,620881313792,28.488657,0.82
2026-03-06,V,316.70343017578125,Visa Inc.,Financial Services,0.784,620881313792,28.488657,0.82
2026-03-09,V,315.3163146972656,Visa Inc.,Financial Services,0.784,620881313792,28.488657,0.82
2026-03-10,V,313.77947998046875,Visa Inc.,Financial Services,0.784,620881313792,28.488657,0.82
2026-03-11,V,308.32080078125,Visa Inc.,Financial Services,0.784,620881313792,28.488657,0.82
2026-03-12,V,305.86590576171875,Visa Inc.,Financial Services,0.784,620881313792,28.488657,0.82
2026-03-13,V,306.5046081542969,Visa Inc.,Financial Services,0.784,620881313792,28.488657,0.82
2026-03-16,V,309.4684143066406,Visa Inc.,Financial Services,0.784,620881313792,28.488657,0.82
2026-03-17,V,307.82183837890625,Visa Inc.,Financial Services,0.784,620881313792,28.488657,0.82
2026-03-18,V,298.4013671875,Visa Inc.,Financial Services,0.784,620881313792,28.488657,0.82
2026-03-19,V,299.0899353027344,Visa Inc.,Financial Services,0.784,620881313792,28.488657,0.82
2026-03-20,V,300.9960021972656,Visa Inc.,Financial Services,0.784,620881313792,28.488657,0.82
2026-03-23,V,303.8101806640625,Visa Inc.,Financial Services,0.784,620881313792,28.488657,0.82
2026-03-24,V,303.131591796875,Visa Inc.,Financial Services,0.784,620881313792,28.488657,0.82
2026-03-25,V,304.2792053222656,Visa Inc.,Financial Services,0.784,620881313792,28.488657,0.82
2026-03-26,V,304.8979187011719,Visa Inc.,Financial Services,0.784,620881313792,28.488657,0.82
2026-03-27,V,294.9085998535156,Visa Inc.,Financial Services,0.784,620881313792,28.488657,0.82
2026-03-30,V,298.9203186035156,Visa Inc.,Financial Services,0.784,620881313792,28.488657,0.82
2026-03-31,V,301.6147155761719,Visa Inc.,Financial Services,0.784,620881313792,28.488657,0.82
2026-04-01,V,297.8924560546875,Visa Inc.,Financial Services,0.784,620881313792,28.488657,0.82
2026-04-02,V,300.17767333984375,Visa Inc.,Financial Services,0.784,620881313792,28.488657,0.82
2026-04-06,V,302.70245361328125,Visa Inc.,Financial Services,0.784,620881313792,28.488657,0.82
2026-04-07,V,301.924072265625,Visa Inc.,Financial Services,0.784,620881313792,28.488657,0.82
2026-04-08,V,308.32080078125,Visa Inc.,Financial Services,0.784,620881313792,28.488657,0.82
2026-04-09,V,307.6522216796875,Visa Inc.,Financial Services,0.784,620881313792,28.488657,0.82
2026-04-10,V,303.7303161621094,Visa Inc.,Financial Services,0.784,620881313792,28.488657,0.82
2026-04-13,V,308.74993896484375,Visa Inc.,Financial Services,0.784,620881313792,28.488657,0.82
2026-04-14,V,310.725830078125,Visa Inc.,Financial Services,0.784,620881313792,28.488657,0.82
2026-04-15,V,315.2564392089844,Visa Inc.,Financial Services,0.784,620881313792,28.488657,0.82
2026-04-16,V,314.4481201171875,Visa Inc.,Financial Services,0.784,620881313792,28.488657,0.82
2026-04-17,V,316.3641357421875,Visa Inc.,Financial Services,0.784,620881313792,28.488657,0.82
2026-04-20,V,313.29052734375,Visa Inc.,Financial Services,0.784,620881313792,28.488657,0.82
2026-04-21,V,309.2987976074219,Visa Inc.,Financial Services,0.784,620881313792,28.488657,0.82
2026-04-22,V,310.64599609375,Visa Inc.,Financial Services,0.784,620881313792,28.488657,0.82
2026-04-23,V,308.2409973144531,Visa Inc.,Financial Services,0.784,620881313792,28.488657,0.82
2026-04-24,V,308.7798767089844,Visa Inc.,Financial Services,0.784,620881313792,28.488657,0.82
2026-04-27,V,309.0093994140625,Visa Inc.,Financial Services,0.784,620881313792,28.488657,0.82
2026-04-28,V,308.66009521484375,Visa Inc.,Financial Services,0.784,620881313792,28.488657,0.82
2026-04-29,V,334.167236328125,Visa Inc.,Financial Services,0.784,620881313792,28.488657,0.82
2026-04-30,V,329.1576232910156,Visa Inc.,Financial Services,0.784,620881313792,28.488657,0.82
2026-05-01,V,327.35137939453125,Visa Inc.,Financial Services,0.784,620881313792,28.488657,0.82
2026-05-04,V,326.173828125,Visa Inc.,Financial Services,0.784,620881313792,28.488657,0.82
2026-05-05,V,321.36376953125,Visa Inc.,Financial Services,0.784,620881313792,28.488657,0.82
2026-05-06,V,318.14044189453125,Visa Inc.,Financial Services,0.784,620881313792,28.488657,0.82
2026-05-07,V,320.6153259277344,Visa Inc.,Financial Services,0.784,620881313792,28.488657,0.82
2026-05-08,V,318.1304931640625,Visa Inc.,Financial Services,0.784,620881313792,28.488657,0.82
2026-05-11,V,323.1899719238281,Visa Inc.,Financial Services,0.784,620881313792,28.488657,0.82
2026-05-12,V,326.4200134277344,Visa Inc.,Financial Services,0.784,620881313792,28.488657,0.82
2026-05-13,V,320.30999755859375,Visa Inc.,Financial Services,0.784,620881313792,28.488657,0.82
2026-05-14,V,322.5199890136719,Visa Inc.,Financial Services,0.784,620881313792,28.488657,0.82
2026-05-15,V,325.75,Visa Inc.,Financial Services,0.784,620881313792,28.488657,0.82
2026-05-18,V,332.6400146484375,Visa Inc.,Financial Services,0.784,620881313792,28.488657,0.82
2026-05-19,V,329.9100036621094,Visa Inc.,Financial Services,0.784,620881313792,28.488657,0.82
2026-05-20,V,330.75,Visa Inc.,Financial Services,0.784,620881313792,28.488657,0.82
2026-05-21,V,331.1199951171875,Visa Inc.,Financial Services,0.784,620881313792,28.488657,0.82
2026-05-22,V,328.8800048828125,Visa Inc.,Financial Services,0.784,620881313792,28.488657,0.82
2026-05-26,V,326.4800109863281,Visa Inc.,Financial Services,0.784,620881313792,28.488657,0.82
2025-05-27,WMT,96.77091979980469,Walmart Inc.,Consumer Defensive,0.652,945120346112,41.60351,0.83
2025-05-28,WMT,96.43372344970703,Walmart Inc.,Consumer Defensive,0.652,945120346112,41.60351,0.83
2025-05-29,WMT,96.2948989868164,Walmart Inc.,Consumer Defensive,0.652,945120346112,41.60351,0.83
2025-05-30,WMT,97.9014663696289,Walmart Inc.,Consumer Defensive,0.652,945120346112,41.60351,0.83
2025-06-02,WMT,98.9427490234375,Walmart Inc.,Consumer Defensive,0.652,945120346112,41.60351,0.83
2025-06-03,WMT,99.1510238647461,Walmart Inc.,Consumer Defensive,0.652,945120346112,41.60351,0.83
2025-06-04,WMT,98.52623748779297,Walmart Inc.,Consumer Defensive,0.652,945120346112,41.60351,0.83
2025-06-05,WMT,97.14776611328125,Walmart Inc.,Consumer Defensive,0.652,945120346112,41.60351,0.83
2025-06-06,WMT,96.66182708740234,Walmart Inc.,Consumer Defensive,0.652,945120346112,41.60351,0.83
2025-06-09,WMT,96.6419906616211,Walmart Inc.,Consumer Defensive,0.652,945120346112,41.60351,0.83
2025-06-10,WMT,96.51306915283203,Walmart Inc.,Consumer Defensive,0.652,945120346112,41.60351,0.83
2025-06-11,WMT,95.00567626953125,Walmart Inc.,Consumer Defensive,0.652,945120346112,41.60351,0.83
2025-06-12,WMT,94.04371643066406,Walmart Inc.,Consumer Defensive,0.652,945120346112,41.60351,0.83
2025-06-13,WMT,93.65695190429688,Walmart Inc.,Consumer Defensive,0.652,945120346112,41.60351,0.83
2025-06-16,WMT,93.50818634033203,Walmart Inc.,Consumer Defensive,0.652,945120346112,41.60351,0.83
2025-06-17,WMT,93.4685287475586,Walmart Inc.,Consumer Defensive,0.652,945120346112,41.60351,0.83
2025-06-18,WMT,94.30155944824219,Walmart Inc.,Consumer Defensive,0.652,945120346112,41.60351,0.83
2025-06-20,WMT,95.3230209350586,Walmart Inc.,Consumer Defensive,0.652,945120346112,41.60351,0.83
2025-06-23,WMT,97.05850982666016,Walmart Inc.,Consumer Defensive,0.652,945120346112,41.60351,0.83
2025-06-24,WMT,97.18743133544922,Walmart Inc.,Consumer Defensive,0.652,945120346112,41.60351,0.83
2025-06-25,WMT,96.45356750488281,Walmart Inc.,Consumer Defensive,0.652,945120346112,41.60351,0.83
2025-06-26,WMT,95.22384643554688,Walmart Inc.,Consumer Defensive,0.652,945120346112,41.60351,0.83
2025-06-27,WMT,96.4634780883789,Walmart Inc.,Consumer Defensive,0.652,945120346112,41.60351,0.83
2025-06-30,WMT,96.96925354003906,Walmart Inc.,Consumer Defensive,0.652,945120346112,41.60351,0.83
2025-07-01,WMT,97.4254379272461,Walmart Inc.,Consumer Defensive,0.652,945120346112,41.60351,0.83
2025-07-02,WMT,96.8006591796875,Walmart Inc.,Consumer Defensive,0.652,945120346112,41.60351,0.83
2025-07-03,WMT,97.54444885253906,Walmart Inc.,Consumer Defensive,0.652,945120346112,41.60351,0.83
2025-07-07,WMT,98.52623748779297,Walmart Inc.,Consumer Defensive,0.652,945120346112,41.60351,0.83
2025-07-08,WMT,96.28498077392578,Walmart Inc.,Consumer Defensive,0.652,945120346112,41.60351,0.83
2025-07-09,WMT,96.0073013305664,Walmart Inc.,Consumer Defensive,0.652,945120346112,41.60351,0.83
2025-07-10,WMT,94.0734634399414,Walmart Inc.,Consumer Defensive,0.652,945120346112,41.60351,0.83
2025-07-11,WMT,93.6172866821289,Walmart Inc.,Consumer Defensive,0.652,945120346112,41.60351,0.83
2025-07-14,WMT,94.98583221435547,Walmart Inc.,Consumer Defensive,0.652,945120346112,41.60351,0.83
2025-07-15,WMT,94.59907531738281,Walmart Inc.,Consumer Defensive,0.652,945120346112,41.60351,0.83
2025-07-16,WMT,94.3610610961914,Walmart Inc.,Consumer Defensive,0.652,945120346112,41.60351,0.83
2025-07-17,WMT,94.30155944824219,Walmart Inc.,Consumer Defensive,0.652,945120346112,41.60351,0.83
2025-07-18,WMT,94.26189422607422,Walmart Inc.,Consumer Defensive,0.652,945120346112,41.60351,0.83
2025-07-21,WMT,94.87675476074219,Walmart Inc.,Consumer Defensive,0.652,945120346112,41.60351,0.83
2025-07-22,WMT,95.05526733398438,Walmart Inc.,Consumer Defensive,0.652,945120346112,41.60351,0.83
2025-07-23,WMT,94.88667297363281,Walmart Inc.,Consumer Defensive,0.652,945120346112,41.60351,0.83
2025-07-24,WMT,95.79904174804688,Walmart Inc.,Consumer Defensive,0.652,945120346112,41.60351,0.83
2025-07-25,WMT,96.66182708740234,Walmart Inc.,Consumer Defensive,0.652,945120346112,41.60351,0.83
2025-07-28,WMT,96.8006591796875,Walmart Inc.,Consumer Defensive,0.652,945120346112,41.60351,0.83
2025-07-29,WMT,97.51470184326172,Walmart Inc.,Consumer Defensive,0.652,945120346112,41.60351,0.83
2025-07-30,WMT,96.78083038330078,Walmart Inc.,Consumer Defensive,0.652,945120346112,41.60351,0.83
2025-07-31,WMT,97.1676025390625,Walmart Inc.,Consumer Defensive,0.652,945120346112,41.60351,0.83
2025-08-01,WMT,97.67337036132812,Walmart Inc.,Consumer Defensive,0.652,945120346112,41.60351,0.83
2025-08-04,WMT,98.76425170898438,Walmart Inc.,Consumer Defensive,0.652,945120346112,41.60351,0.83
2025-08-05,WMT,98.486572265625,Walmart Inc.,Consumer Defensive,0.652,945120346112,41.60351,0.83
2025-08-06,WMT,102.50299072265625,Walmart Inc.,Consumer Defensive,0.652,945120346112,41.60351,0.83
2025-08-07,WMT,102.26497650146484,Walmart Inc.,Consumer Defensive,0.652,945120346112,41.60351,0.83
2025-08-08,WMT,102.86992645263672,Walmart Inc.,Consumer Defensive,0.652,945120346112,41.60351,0.83
2025-08-11,WMT,103.06826782226562,Walmart Inc.,Consumer Defensive,0.652,945120346112,41.60351,0.83
2025-08-12,WMT,102.7608413696289,Walmart Inc.,Consumer Defensive,0.652,945120346112,41.60351,0.83
2025-08-13,WMT,100.15264129638672,Walmart Inc.,Consumer Defensive,0.652,945120346112,41.60351,0.83
2025-08-14,WMT,100.01380157470703,Walmart Inc.,Consumer Defensive,0.652,945120346112,41.60351,0.83
2025-08-15,WMT,99.40247344970703,Walmart Inc.,Consumer Defensive,0.652,945120346112,41.60351,0.83
2025-08-18,WMT,100.0982894897461,Walmart Inc.,Consumer Defensive,0.652,945120346112,41.60351,0.83
2025-08-19,WMT,100.68476867675781,Walmart Inc.,Consumer Defensive,0.652,945120346112,41.60351,0.83
2025-08-20,WMT,101.95712280273438,Walmart Inc.,Consumer Defensive,0.652,945120346112,41.60351,0.83
2025-08-21,WMT,97.37466430664062,Walmart Inc.,Consumer Defensive,0.652,945120346112,41.60351,0.83
2025-08-22,WMT,96.25141906738281,Walmart Inc.,Consumer Defensive,0.652,945120346112,41.60351,0.83
2025-08-25,WMT,95.49595642089844,Walmart Inc.,Consumer Defensive,0.652,945120346112,41.60351,0.83
2025-08-26,WMT,95.47608184814453,Walmart Inc.,Consumer Defensive,0.652,945120346112,41.60351,0.83
2025-08-27,WMT,95.50589752197266,Walmart Inc.,Consumer Defensive,0.652,945120346112,41.60351,0.83
2025-08-28,WMT,95.53572082519531,Walmart Inc.,Consumer Defensive,0.652,945120346112,41.60351,0.83
2025-08-29,WMT,96.40052032470703,Walmart Inc.,Consumer Defensive,0.652,945120346112,41.60351,0.83
2025-09-02,WMT,97.26531982421875,Walmart Inc.,Consumer Defensive,0.652,945120346112,41.60351,0.83
2025-09-03,WMT,98.8458251953125,Walmart Inc.,Consumer Defensive,0.652,945120346112,41.60351,0.83
2025-09-04,WMT,100.32691955566406,Walmart Inc.,Consumer Defensive,0.652,945120346112,41.60351,0.83
2025-09-05,WMT,99.90943908691406,Walmart Inc.,Consumer Defensive,0.652,945120346112,41.60351,0.83
2025-09-08,WMT,101.66885375976562,Walmart Inc.,Consumer Defensive,0.652,945120346112,41.60351,0.83
2025-09-09,WMT,101.67879486083984,Walmart Inc.,Consumer Defensive,0.652,945120346112,41.60351,0.83
2025-09-10,WMT,99.81002807617188,Walmart Inc.,Consumer Defensive,0.652,945120346112,41.60351,0.83
2025-09-11,WMT,102.03663635253906,Walmart Inc.,Consumer Defensive,0.652,945120346112,41.60351,0.83
2025-09-12,WMT,102.87162017822266,Walmart Inc.,Consumer Defensive,0.652,945120346112,41.60351,0.83
2025-09-15,WMT,103.07042694091797,Walmart Inc.,Consumer Defensive,0.652,945120346112,41.60351,0.83
2025-09-16,WMT,102.80204010009766,Walmart Inc.,Consumer Defensive,0.652,945120346112,41.60351,0.83
2025-09-17,WMT,103.64695739746094,Walmart Inc.,Consumer Defensive,0.652,945120346112,41.60351,0.83
2025-09-18,WMT,102.98096466064453,Walmart Inc.,Consumer Defensive,0.652,945120346112,41.60351,0.83
2025-09-19,WMT,101.71855163574219,Walmart Inc.,Consumer Defensive,0.652,945120346112,41.60351,0.83
2025-09-22,WMT,102.20561981201172,Walmart Inc.,Consumer Defensive,0.652,945120346112,41.60351,0.83
2025-09-23,WMT,101.90741729736328,Walmart Inc.,Consumer Defensive,0.652,945120346112,41.60351,0.83
2025-09-24,WMT,102.11617279052734,Walmart Inc.,Consumer Defensive,0.652,945120346112,41.60351,0.83
2025-09-25,WMT,102.43425750732422,Walmart Inc.,Consumer Defensive,0.652,945120346112,41.60351,0.83
2025-09-26,WMT,102.54359436035156,Walmart Inc.,Consumer Defensive,0.652,945120346112,41.60351,0.83
2025-09-29,WMT,102.46407318115234,Walmart Inc.,Consumer Defensive,0.652,945120346112,41.60351,0.83
2025-09-30,WMT,102.4441909790039,Walmart Inc.,Consumer Defensive,0.652,945120346112,41.60351,0.83
2025-10-01,WMT,101.35076141357422,Walmart Inc.,Consumer Defensive,0.652,945120346112,41.60351,0.83
2025-10-02,WMT,101.09231567382812,Walmart Inc.,Consumer Defensive,0.652,945120346112,41.60351,0.83
2025-10-03,WMT,101.4601058959961,Walmart Inc.,Consumer Defensive,0.652,945120346112,41.60351,0.83
2025-10-06,WMT,102.08634185791016,Walmart Inc.,Consumer Defensive,0.652,945120346112,41.60351,0.83
2025-10-07,WMT,102.62311553955078,Walmart Inc.,Consumer Defensive,0.652,945120346112,41.60351,0.83
2025-10-08,WMT,102.28514862060547,Walmart Inc.,Consumer Defensive,0.652,945120346112,41.60351,0.83
2025-10-09,WMT,101.16189575195312,Walmart Inc.,Consumer Defensive,0.652,945120346112,41.60351,0.83
2025-10-10,WMT,101.23148345947266,Walmart Inc.,Consumer Defensive,0.652,945120346112,41.60351,0.83
2025-10-13,WMT,101.50981140136719,Walmart Inc.,Consumer Defensive,0.652,945120346112,41.60351,0.83
2025-10-14,WMT,106.56938934326172,Walmart Inc.,Consumer Defensive,0.652,945120346112,41.60351,0.83
2025-10-15,WMT,108.3785171508789,Walmart Inc.,Consumer Defensive,0.652,945120346112,41.60351,0.83
2025-10-16,WMT,105.83382415771484,Walmart Inc.,Consumer Defensive,0.652,945120346112,41.60351,0.83
2025-10-17,WMT,107.08628845214844,Walmart Inc.,Consumer Defensive,0.652,945120346112,41.60351,0.83
2025-10-20,WMT,106.41035461425781,Walmart Inc.,Consumer Defensive,0.652,945120346112,41.60351,0.83
2025-10-21,WMT,105.58531188964844,Walmart Inc.,Consumer Defensive,0.652,945120346112,41.60351,0.83
2025-10-22,WMT,106.49981689453125,Walmart Inc.,Consumer Defensive,0.652,945120346112,41.60351,0.83
2025-10-23,WMT,106.22148895263672,Walmart Inc.,Consumer Defensive,0.652,945120346112,41.60351,0.83
2025-10-24,WMT,105.53560638427734,Walmart Inc.,Consumer Defensive,0.652,945120346112,41.60351,0.83
2025-10-27,WMT,103.84577178955078,Walmart Inc.,Consumer Defensive,0.652,945120346112,41.60351,0.83
2025-10-28,WMT,102.55352783203125,Walmart Inc.,Consumer Defensive,0.652,945120346112,41.60351,0.83
2025-10-29,WMT,101.8477783203125,Walmart Inc.,Consumer Defensive,0.652,945120346112,41.60351,0.83
2025-10-30,WMT,101.61915588378906,Walmart Inc.,Consumer Defensive,0.652,945120346112,41.60351,0.83
2025-10-31,WMT,100.57543182373047,Walmart Inc.,Consumer Defensive,0.652,945120346112,41.60351,0.83
2025-11-03,WMT,100.98297882080078,Walmart Inc.,Consumer Defensive,0.652,945120346112,41.60351,0.83
2025-11-04,WMT,101.65890502929688,Walmart Inc.,Consumer Defensive,0.652,945120346112,41.60351,0.83
2025-11-05,WMT,100.86369323730469,Walmart Inc.,Consumer Defensive,0.652,945120346112,41.60351,0.83
2025-11-06,WMT,101.07243347167969,Walmart Inc.,Consumer Defensive,0.652,945120346112,41.60351,0.83
2025-11-07,WMT,101.97698974609375,Walmart Inc.,Consumer Defensive,0.652,945120346112,41.60351,0.83
2025-11-10,WMT,101.80802154541016,Walmart Inc.,Consumer Defensive,0.652,945120346112,41.60351,0.83
2025-11-11,WMT,102.82192993164062,Walmart Inc.,Consumer Defensive,0.652,945120346112,41.60351,0.83
2025-11-12,WMT,102.82192993164062,Walmart Inc.,Consumer Defensive,0.652,945120346112,41.60351,0.83
2025-11-13,WMT,101.92730712890625,Walmart Inc.,Consumer Defensive,0.652,945120346112,41.60351,0.83
2025-11-14,WMT,101.86766815185547,Walmart Inc.,Consumer Defensive,0.652,945120346112,41.60351,0.83
2025-11-17,WMT,102.33485412597656,Walmart Inc.,Consumer Defensive,0.652,945120346112,41.60351,0.83
2025-11-18,WMT,100.78416442871094,Walmart Inc.,Consumer Defensive,0.652,945120346112,41.60351,0.83
2025-11-19,WMT,100.00883483886719,Walmart Inc.,Consumer Defensive,0.652,945120346112,41.60351,0.83
2025-11-20,WMT,106.4699935913086,Walmart Inc.,Consumer Defensive,0.652,945120346112,41.60351,0.83
2025-11-21,WMT,104.69068145751953,Walmart Inc.,Consumer Defensive,0.652,945120346112,41.60351,0.83
2025-11-24,WMT,103.43821716308594,Walmart Inc.,Consumer Defensive,0.652,945120346112,41.60351,0.83
2025-11-25,WMT,106.36064910888672,Walmart Inc.,Consumer Defensive,0.652,945120346112,41.60351,0.83
2025-11-26,WMT,108.4480972290039,Walmart Inc.,Consumer Defensive,0.652,945120346112,41.60351,0.83
2025-11-28,WMT,109.84967803955078,Walmart Inc.,Consumer Defensive,0.652,945120346112,41.60351,0.83
2025-12-01,WMT,110.86357879638672,Walmart Inc.,Consumer Defensive,0.652,945120346112,41.60351,0.83
2025-12-02,WMT,111.73832702636719,Walmart Inc.,Consumer Defensive,0.652,945120346112,41.60351,0.83
2025-12-03,WMT,113.72637176513672,Walmart Inc.,Consumer Defensive,0.652,945120346112,41.60351,0.83
2025-12-04,WMT,114.15380096435547,Walmart Inc.,Consumer Defensive,0.652,945120346112,41.60351,0.83
2025-12-05,WMT,114.42218780517578,Walmart Inc.,Consumer Defensive,0.652,945120346112,41.60351,0.83
2025-12-08,WMT,112.8814468383789,Walmart Inc.,Consumer Defensive,0.652,945120346112,41.60351,0.83
2025-12-09,WMT,114.37248229980469,Walmart Inc.,Consumer Defensive,0.652,945120346112,41.60351,0.83
2025-12-10,WMT,112.50372314453125,Walmart Inc.,Consumer Defensive,0.652,945120346112,41.60351,0.83
2025-12-11,WMT,114.8297348022461,Walmart Inc.,Consumer Defensive,0.652,945120346112,41.60351,0.83
2025-12-12,WMT,116.23915100097656,Walmart Inc.,Consumer Defensive,0.652,945120346112,41.60351,0.83
2025-12-15,WMT,116.32879638671875,Walmart Inc.,Consumer Defensive,0.652,945120346112,41.60351,0.83
2025-12-16,WMT,114.9642105102539,Walmart Inc.,Consumer Defensive,0.652,945120346112,41.60351,0.83
2025-12-17,WMT,115.2032699584961,Walmart Inc.,Consumer Defensive,0.652,945120346112,41.60351,0.83
2025-12-18,WMT,114.37654113769531,Walmart Inc.,Consumer Defensive,0.652,945120346112,41.60351,0.83
2025-12-19,WMT,113.90840148925781,Walmart Inc.,Consumer Defensive,0.652,945120346112,41.60351,0.83
2025-12-22,WMT,112.15534210205078,Walmart Inc.,Consumer Defensive,0.652,945120346112,41.60351,0.83
2025-12-23,WMT,110.4620590209961,Walmart Inc.,Consumer Defensive,0.652,945120346112,41.60351,0.83
2025-12-24,WMT,111.16925811767578,Walmart Inc.,Consumer Defensive,0.652,945120346112,41.60351,0.83
2025-12-26,WMT,111.29874420166016,Walmart Inc.,Consumer Defensive,0.652,945120346112,41.60351,0.83
2025-12-29,WMT,112.08562469482422,Walmart Inc.,Consumer Defensive,0.652,945120346112,41.60351,0.83
2025-12-30,WMT,111.47803497314453,Walmart Inc.,Consumer Defensive,0.652,945120346112,41.60351,0.83
2025-12-31,WMT,110.97005462646484,Walmart Inc.,Consumer Defensive,0.652,945120346112,41.60351,0.83
2026-01-02,WMT,112.3147201538086,Walmart Inc.,Consumer Defensive,0.652,945120346112,41.60351,0.83
2026-01-05,WMT,112.2649154663086,Walmart Inc.,Consumer Defensive,0.652,945120346112,41.60351,0.83
2026-01-06,WMT,113.88847351074219,Walmart Inc.,Consumer Defensive,0.652,945120346112,41.60351,0.83
2026-01-07,WMT,112.2748794555664,Walmart Inc.,Consumer Defensive,0.652,945120346112,41.60351,0.83
2026-01-08,WMT,112.62348937988281,Walmart Inc.,Consumer Defensive,0.652,945120346112,41.60351,0.83
2026-01-09,WMT,114.07772827148438,Walmart Inc.,Consumer Defensive,0.652,945120346112,41.60351,0.83
2026-01-12,WMT,117.50414276123047,Walmart Inc.,Consumer Defensive,0.652,945120346112,41.60351,0.83
2026-01-13,WMT,119.88470458984375,Walmart Inc.,Consumer Defensive,0.652,945120346112,41.60351,0.83
2026-01-14,WMT,119.56597137451172,Walmart Inc.,Consumer Defensive,0.652,945120346112,41.60351,0.83
2026-01-15,WMT,118.72927856445312,Walmart Inc.,Consumer Defensive,0.652,945120346112,41.60351,0.83
2026-01-16,WMT,119.22730255126953,Walmart Inc.,Consumer Defensive,0.652,945120346112,41.60351,0.83
2026-01-20,WMT,118.24121856689453,Walmart Inc.,Consumer Defensive,0.652,945120346112,41.60351,0.83
2026-01-21,WMT,118.8886489868164,Walmart Inc.,Consumer Defensive,0.652,945120346112,41.60351,0.83
2026-01-22,WMT,117.36469268798828,Walmart Inc.,Consumer Defensive,0.652,945120346112,41.60351,0.83
2026-01-23,WMT,117.26509094238281,Walmart Inc.,Consumer Defensive,0.652,945120346112,41.60351,0.83
2026-01-26,WMT,117.17544555664062,Walmart Inc.,Consumer Defensive,0.652,945120346112,41.60351,0.83
2026-01-27,WMT,116.47821044921875,Walmart Inc.,Consumer Defensive,0.652,945120346112,41.60351,0.83
2026-01-28,WMT,116.10966491699219,Walmart Inc.,Consumer Defensive,0.652,945120346112,41.60351,0.83
2026-01-29,WMT,116.94635772705078,Walmart Inc.,Consumer Defensive,0.652,945120346112,41.60351,0.83
2026-01-30,WMT,118.66951751708984,Walmart Inc.,Consumer Defensive,0.652,945120346112,41.60351,0.83
2026-02-02,WMT,123.5700912475586,Walmart Inc.,Consumer Defensive,0.652,945120346112,41.60351,0.83
2026-02-03,WMT,127.20568084716797,Walmart Inc.,Consumer Defensive,0.652,945120346112,41.60351,0.83
2026-02-04,WMT,127.4945297241211,Walmart Inc.,Consumer Defensive,0.652,945120346112,41.60351,0.83
2026-02-05,WMT,126.43872833251953,Walmart Inc.,Consumer Defensive,0.652,945120346112,41.60351,0.83
2026-02-06,WMT,130.66197204589844,Walmart Inc.,Consumer Defensive,0.652,945120346112,41.60351,0.83
2026-02-09,WMT,128.51051330566406,Walmart Inc.,Consumer Defensive,0.652,945120346112,41.60351,0.83
2026-02-10,WMT,126.19966125488281,Walmart Inc.,Consumer Defensive,0.652,945120346112,41.60351,0.83
2026-02-11,WMT,128.26148986816406,Walmart Inc.,Consumer Defensive,0.652,945120346112,41.60351,0.83
2026-02-12,WMT,133.1122589111328,Walmart Inc.,Consumer Defensive,0.652,945120346112,41.60351,0.83
2026-02-13,WMT,133.36126708984375,Walmart Inc.,Consumer Defensive,0.652,945120346112,41.60351,0.83
2026-02-17,WMT,128.34117126464844,Walmart Inc.,Consumer Defensive,0.652,945120346112,41.60351,0.83
2026-02-18,WMT,126.11997985839844,Walmart Inc.,Consumer Defensive,0.652,945120346112,41.60351,0.83
2026-02-19,WMT,124.37689208984375,Walmart Inc.,Consumer Defensive,0.652,945120346112,41.60351,0.83
2026-02-20,WMT,122.50431823730469,Walmart Inc.,Consumer Defensive,0.652,945120346112,41.60351,0.83
2026-02-23,WMT,125.31317901611328,Walmart Inc.,Consumer Defensive,0.652,945120346112,41.60351,0.83
2026-02-24,WMT,126.24947357177734,Walmart Inc.,Consumer Defensive,0.652,945120346112,41.60351,0.83
2026-02-25,WMT,125.25341796875,Walmart Inc.,Consumer Defensive,0.652,945120346112,41.60351,0.83
2026-02-26,WMT,123.92866516113281,Walmart Inc.,Consumer Defensive,0.652,945120346112,41.60351,0.83
2026-02-27,WMT,127.4447250366211,Walmart Inc.,Consumer Defensive,0.652,945120346112,41.60351,0.83
2026-03-02,WMT,126.59809112548828,Walmart Inc.,Consumer Defensive,0.652,945120346112,41.60351,0.83
2026-03-03,WMT,127.40489196777344,Walmart Inc.,Consumer Defensive,0.652,945120346112,41.60351,0.83
2026-03-04,WMT,127.30528259277344,Walmart Inc.,Consumer Defensive,0.652,945120346112,41.60351,0.83
2026-03-05,WMT,122.82305145263672,Walmart Inc.,Consumer Defensive,0.652,945120346112,41.60351,0.83
2026-03-06,WMT,123.31111907958984,Walmart Inc.,Consumer Defensive,0.652,945120346112,41.60351,0.83
2026-03-09,WMT,123.84898376464844,Walmart Inc.,Consumer Defensive,0.652,945120346112,41.60351,0.83
2026-03-10,WMT,124.62590789794922,Walmart Inc.,Consumer Defensive,0.652,945120346112,41.60351,0.83
2026-03-11,WMT,123.0023422241211,Walmart Inc.,Consumer Defensive,0.652,945120346112,41.60351,0.83
2026-03-12,WMT,124.8350830078125,Walmart Inc.,Consumer Defensive,0.652,945120346112,41.60351,0.83
2026-03-13,WMT,126.02037048339844,Walmart Inc.,Consumer Defensive,0.652,945120346112,41.60351,0.83
2026-03-16,WMT,125.49246978759766,Walmart Inc.,Consumer Defensive,0.652,945120346112,41.60351,0.83
2026-03-17,WMT,124.58606719970703,Walmart Inc.,Consumer Defensive,0.652,945120346112,41.60351,0.83
2026-03-18,WMT,121.49830627441406,Walmart Inc.,Consumer Defensive,0.652,945120346112,41.60351,0.83
2026-03-19,WMT,120.61181640625,Walmart Inc.,Consumer Defensive,0.652,945120346112,41.60351,0.83
2026-03-20,WMT,118.79328918457031,Walmart Inc.,Consumer Defensive,0.652,945120346112,41.60351,0.83
2026-03-23,WMT,120.49005889892578,Walmart Inc.,Consumer Defensive,0.652,945120346112,41.60351,0.83
2026-03-24,WMT,121.8175277709961,Walmart Inc.,Consumer Defensive,0.652,945120346112,41.60351,0.83
2026-03-25,WMT,122.82559204101562,Walmart Inc.,Consumer Defensive,0.652,945120346112,41.60351,0.83
2026-03-26,WMT,121.94727325439453,Walmart Inc.,Consumer Defensive,0.652,945120346112,41.60351,0.83
2026-03-27,WMT,122.65592193603516,Walmart Inc.,Consumer Defensive,0.652,945120346112,41.60351,0.83
2026-03-30,WMT,123.26475524902344,Walmart Inc.,Consumer Defensive,0.652,945120346112,41.60351,0.83
2026-03-31,WMT,124.04327392578125,Walmart Inc.,Consumer Defensive,0.652,945120346112,41.60351,0.83
2026-04-01,WMT,124.50239562988281,Walmart Inc.,Consumer Defensive,0.652,945120346112,41.60351,0.83
2026-04-02,WMT,125.55039978027344,Walmart Inc.,Consumer Defensive,0.652,945120346112,41.60351,0.83
2026-04-06,WMT,126.54849243164062,Walmart Inc.,Consumer Defensive,0.652,945120346112,41.60351,0.83
2026-04-07,WMT,122.25668334960938,Walmart Inc.,Consumer Defensive,0.652,945120346112,41.60351,0.83
2026-04-08,WMT,127.0176010131836,Walmart Inc.,Consumer Defensive,0.652,945120346112,41.60351,0.83
2026-04-09,WMT,128.884033203125,Walmart Inc.,Consumer Defensive,0.652,945120346112,41.60351,0.83
2026-04-10,WMT,126.52852630615234,Walmart Inc.,Consumer Defensive,0.652,945120346112,41.60351,0.83
2026-04-13,WMT,124.33271789550781,Walmart Inc.,Consumer Defensive,0.652,945120346112,41.60351,0.83
2026-04-14,WMT,124.81181335449219,Walmart Inc.,Consumer Defensive,0.652,945120346112,41.60351,0.83
2026-04-15,WMT,124.5223617553711,Walmart Inc.,Consumer Defensive,0.652,945120346112,41.60351,0.83
2026-04-16,WMT,124.58224487304688,Walmart Inc.,Consumer Defensive,0.652,945120346112,41.60351,0.83
2026-04-17,WMT,127.25714111328125,Walmart Inc.,Consumer Defensive,0.652,945120346112,41.60351,0.83
2026-04-20,WMT,127.67633819580078,Walmart Inc.,Consumer Defensive,0.652,945120346112,41.60351,0.83
2026-04-21,WMT,129.3531494140625,Walmart Inc.,Consumer Defensive,0.652,945120346112,41.60351,0.83
2026-04-22,WMT,129.73240661621094,Walmart Inc.,Consumer Defensive,0.652,945120346112,41.60351,0.83
2026-04-23,WMT,131.77850341796875,Walmart Inc.,Consumer Defensive,0.652,945120346112,41.60351,0.83
2026-04-24,WMT,129.6725311279297,Walmart Inc.,Consumer Defensive,0.652,945120346112,41.60351,0.83
2026-04-27,WMT,127.34696197509766,Walmart Inc.,Consumer Defensive,0.652,945120346112,41.60351,0.83
2026-04-28,WMT,127.34696197509766,Walmart Inc.,Consumer Defensive,0.652,945120346112,41.60351,0.83
2026-04-29,WMT,127.76616668701172,Walmart Inc.,Consumer Defensive,0.652,945120346112,41.60351,0.83
2026-04-30,WMT,131.67869567871094,Walmart Inc.,Consumer Defensive,0.652,945120346112,41.60351,0.83
2026-05-01,WMT,131.34933471679688,Walmart Inc.,Consumer Defensive,0.652,945120346112,41.60351,0.83
2026-05-04,WMT,130.08175659179688,Walmart Inc.,Consumer Defensive,0.652,945120346112,41.60351,0.83
2026-05-05,WMT,130.54086303710938,Walmart Inc.,Consumer Defensive,0.652,945120346112,41.60351,0.83
2026-05-06,WMT,129.8322296142578,Walmart Inc.,Consumer Defensive,0.652,945120346112,41.60351,0.83
2026-05-07,WMT,129.95199584960938,Walmart Inc.,Consumer Defensive,0.652,945120346112,41.60351,0.83
2026-05-08,WMT,130.42999267578125,Walmart Inc.,Consumer Defensive,0.652,945120346112,41.60351,0.83
2026-05-11,WMT,127.58999633789062,Walmart Inc.,Consumer Defensive,0.652,945120346112,41.60351,0.83
2026-05-12,WMT,130.35000610351562,Walmart Inc.,Consumer Defensive,0.652,945120346112,41.60351,0.83
2026-05-13,WMT,131.47000122070312,Walmart Inc.,Consumer Defensive,0.652,945120346112,41.60351,0.83
2026-05-14,WMT,132.4600067138672,Walmart Inc.,Consumer Defensive,0.652,945120346112,41.60351,0.83
2026-05-15,WMT,131.4499969482422,Walmart Inc.,Consumer Defensive,0.652,945120346112,41.60351,0.83
2026-05-18,WMT,133.33999633789062,Walmart Inc.,Consumer Defensive,0.652,945120346112,41.60351,0.83
2026-05-19,WMT,134.1999969482422,Walmart Inc.,Consumer Defensive,0.652,945120346112,41.60351,0.83
2026-05-20,WMT,130.85000610351562,Walmart Inc.,Consumer Defensive,0.652,945120346112,41.60351,0.83
2026-05-21,WMT,121.33999633789062,Walmart Inc.,Consumer Defensive,0.652,945120346112,41.60351,0.83
2026-05-22,WMT,120.2699966430664,Walmart Inc.,Consumer Defensive,0.652,945120346112,41.60351,0.83
2026-05-26,WMT,118.56999969482422,Walmart Inc.,Consumer Defensive,0.652,945120346112,41.60351,0.83
